cod_curso,nombre_curso,seccion,tipo_clase,aula,docente,dia,empieza_en,termina_en
BEF01,ETICA Y FILOSOFIA POLITICA,A,Teoria,zoom92,"ROMERO CIEZA,  JOSE",Viernes,11:00:00,12:00:00
BEF01,ETICA Y FILOSOFIA POLITICA,A,Practica,zoom92,"ROMERO CIEZA,  JOSE",Viernes,12:00:00,14:00:00
BEF01,ETICA Y FILOSOFIA POLITICA,B,Teoria,zoom157,"ROMERO CIEZA,  JOSE",Miercoles,15:00:00,16:00:00
BEF01,ETICA Y FILOSOFIA POLITICA,B,Practica,zoom157,"ROMERO CIEZA,  JOSE",Miercoles,16:00:00,18:00:00
BEF01,ETICA Y FILOSOFIA POLITICA,C,Practica,zoom163,"ROMERO CIEZA,  JOSE",Viernes,20:00:00,22:00:00
BEF01,ETICA Y FILOSOFIA POLITICA,C,Teoria,zoom163,"ROMERO CIEZA,  JOSE",Viernes,19:00:00,20:00:00
BEG01,ECONOMIA GENERAL,A,Teoria,zoom161,"VERA RONCALLA,  CESAR ANIBAL",Lunes,16:00:00,18:00:00
BEG01,ECONOMIA GENERAL,A,Practica,zoom159,"VERA RONCALLA,  CESAR ANIBAL",Martes,17:00:00,19:00:00
BEG01,ECONOMIA GENERAL,B,Teoria,zoom24,"ZAVALETA HUACCHA,  WILLIAM FERNANDO",Viernes,8:00:00,10:00:00
BEG01,ECONOMIA GENERAL,B,Practica,zoom165,"ZAVALETA HUACCHA,  WILLIAM FERNANDO",Martes,17:00:00,19:00:00
BEG01,ECONOMIA GENERAL,C,Teoria,zoom25,"CLAVIJO RAMOS,  RAUL HUMBERTO",Lunes,16:00:00,18:00:00
BEG01,ECONOMIA GENERAL,C,Practica,zoom152,"CLAVIJO RAMOS,  RAUL HUMBERTO",Martes,16:00:00,18:00:00
BFI01,FISICA I,A,Laboratorio,zoom164,"CUYUBAMBA ESPINOZA,  MARCO ANTONIO",Viernes,13:00:00,15:00:00
BFI01,FISICA I,A,Teoria,zoom25,"BROCCA POBES,  MANUEL ENRIQUE",Lunes,10:00:00,12:00:00
BFI01,FISICA I,A,Practica,J3-182A,"INGA CAQUI,  MARVYN WILLIAM",Viernes,8:00:00,10:00:00
BFI01,FISICA I,A,Teoria,zoom70,"BROCCA POBES,  MANUEL ENRIQUE",Miercoles,10:00:00,12:00:00
BFI01,FISICA I,B,Teoria,zoom160,"BROCCA POBES,  MANUEL ENRIQUE",Miercoles,14:00:00,16:00:00
BFI01,FISICA I,B,Teoria,zoom25,"BROCCA POBES,  MANUEL ENRIQUE",Lunes,14:00:00,16:00:00
BFI01,FISICA I,B,Practica,zoom160,"SALAZAR RODRIGUEZ,  ROBERTO",Viernes,8:00:00,10:00:00
BFI01,FISICA I,B,Laboratorio,zoom165,"SALAZAR RODRIGUEZ,  ROBERTO",Viernes,8:00:00,10:00:00
BFI01,FISICA I,C,Practica,zoom158,"RODRIGUEZ LAURA,  SANDRO MIGUEL",Viernes,8:00:00,10:00:00
BFI01,FISICA I,C,Laboratorio,zoom165,"RODRIGUEZ LAURA,  SANDRO MIGUEL",Viernes,10:00:00,12:00:00
BFI01,FISICA I,C,Teoria,zoom23,"CUYUBAMBA ESPINOZA,  MARCO ANTONIO",Martes,8:00:00,10:00:00
BFI01,FISICA I,C,Teoria,zoom93,"CUYUBAMBA ESPINOZA,  MARCO ANTONIO",Jueves,8:00:00,10:00:00
BFI01,FISICA I,D,Teoria,zoom164,"ALTAMIRANO MACETAS,  ALEJANDRA",Martes,10:00:00,12:00:00
BFI01,FISICA I,D,Practica,zoom161,"CORTEZ REYES,  GREGORIO CUSTODIO",Viernes,8:00:00,10:00:00
BFI01,FISICA I,D,Teoria,zoom91,"ALTAMIRANO MACETAS,  ALEJANDRA",Viernes,10:00:00,12:00:00
BFI01,FISICA I,D,Laboratorio,zoom93,"CORTEZ REYES,  GREGORIO CUSTODIO",Jueves,10:00:00,12:00:00
BIC01,INTRODUCCION A LA COMPUTACION,A,Laboratorio,zoom91,"VALER QUISPE,  SIDNEY",Sabado,10:00:00,12:00:00
BIC01,INTRODUCCION A LA COMPUTACION,A,Teoria,zoom91,"ARRUNÁTEGUI ANGULO,  GIPSY MIGUEL",Sabado,8:00:00,9:00:00
BIC01,INTRODUCCION A LA COMPUTACION,B,Laboratorio,zoom24,"CHULLUNCUY REYNOSO,  AMERICO ANDRES",Sabado,12:00:00,14:00:00
BIC01,INTRODUCCION A LA COMPUTACION,B,Teoria,zoom24,"CHULLUNCUY REYNOSO,  AMERICO ANDRES",Sabado,11:00:00,12:00:00
BIC01,INTRODUCCION A LA COMPUTACION,C,Laboratorio,zoom69,"ALANIA VICENTE,  MARCOS ANTONIO",Sabado,16:00:00,18:00:00
BIC01,INTRODUCCION A LA COMPUTACION,C,Teoria,zoom69,"ALANIA VICENTE,  MARCOS ANTONIO",Sabado,15:00:00,16:00:00
BIC01,INTRODUCCION A LA COMPUTACION,D,Laboratorio,zoom90,"NAVARRO HUAMANI,  LUIS ALBERTO",Sabado,10:00:00,12:00:00
BIC01,INTRODUCCION A LA COMPUTACION,D,Teoria,zoom90,"ARRUNÁTEGUI ANGULO,  GIPSY MIGUEL",Sabado,9:00:00,10:00:00
BIC01,INTRODUCCION A LA COMPUTACION,E,Teoria,zoom25,"ALANIA VICENTE,  MARCOS ANTONIO",Sabado,11:00:00,12:00:00
BIC01,INTRODUCCION A LA COMPUTACION,E,Laboratorio,zoom25,"ALANIA VICENTE,  MARCOS ANTONIO",Sabado,12:00:00,14:00:00
BIC01,INTRODUCCION A LA COMPUTACION,F,Laboratorio,zoom70,"CHULLUNCUY REYNOSO,  AMERICO ANDRES",Sabado,16:00:00,18:00:00
BIC01,INTRODUCCION A LA COMPUTACION,F,Teoria,zoom70,"CHULLUNCUY REYNOSO,  AMERICO ANDRES",Sabado,15:00:00,16:00:00
BMA01,CALCULO DIFERENCIAL,A,Teoria,zoom93,"PANIZO GARCIA,  GONZALO",Martes,8:00:00,10:00:00
BMA01,CALCULO DIFERENCIAL,A,Teoria,zoom160,"PANIZO GARCIA,  GONZALO",Viernes,10:00:00,12:00:00
BMA01,CALCULO DIFERENCIAL,A,Practica,zoom25,"OSTOS CORDERO,  BENITO LEONARDO",Lunes,8:00:00,10:00:00
BMA01,CALCULO DIFERENCIAL,B,Teoria,zoom69,"VALVERDE MONTORO,  JOHNNY MOISES",Martes,10:00:00,12:00:00
BMA01,CALCULO DIFERENCIAL,B,Teoria,zoom69,"VALVERDE MONTORO,  JOHNNY MOISES",Jueves,10:00:00,12:00:00
BMA01,CALCULO DIFERENCIAL,B,Practica,zoom70,"LA ROSA OBANDO,  LAURA BETZABE",Lunes,8:00:00,10:00:00
BMA01,CALCULO DIFERENCIAL,C,Teoria,zoom24,"VILLANUEVA SANTOS,  FELIX RICARDO",Lunes,14:00:00,16:00:00
BMA01,CALCULO DIFERENCIAL,C,Practica,zoom89,"NAVARRO ROJAS,  FRANK",Lunes,8:00:00,10:00:00
BMA01,CALCULO DIFERENCIAL,C,Teoria,zoom89,"VILLANUEVA SANTOS,  FELIX RICARDO",Miercoles,14:00:00,16:00:00
BMA01,CALCULO DIFERENCIAL,D,Teoria,zoom25,"METZGER ALVAN,  ROGER JAVIER",Miercoles,10:00:00,12:00:00
BMA01,CALCULO DIFERENCIAL,D,Practica,zoom24,"ROCA GALINDO,  LUIS RODOLFO",Lunes,8:00:00,10:00:00
BMA01,CALCULO DIFERENCIAL,D,Teoria,zoom69,"METZGER ALVAN,  ROGER JAVIER",Lunes,10:00:00,12:00:00
BMA01,CALCULO DIFERENCIAL,E,Teoria,zoom156,"PALACIOS BALDEON,  JOE ALBINO",Martes,10:00:00,12:00:00
BMA01,CALCULO DIFERENCIAL,E,Practica,zoom161,"PALACIOS BALDEON,  JOE ALBINO",Lunes,8:00:00,10:00:00
BMA01,CALCULO DIFERENCIAL,E,Teoria,zoom22,"PALACIOS BALDEON,  JOE ALBINO",Jueves,10:00:00,12:00:00
BMA02,CALCULO INTEGRAL,A,Teoria,zoom89,"ESCALANTE DEL ÁGUILA,  SEGUNDO FÉLIX",Jueves,8:00:00,10:00:00
BMA02,CALCULO INTEGRAL,A,Teoria,zoom70,"ESCALANTE DEL ÁGUILA,  SEGUNDO FÉLIX",Martes,8:00:00,10:00:00
BMA02,CALCULO INTEGRAL,A,Practica,zoom90,"ORE ALBORNOZ,  ERNESTO",Lunes,8:00:00,10:00:00
BMA02,CALCULO INTEGRAL,B,Practica,zoom92,"CAYTUIRO SANDOVAL,  DAVID PAUL",Lunes,8:00:00,10:00:00
BMA02,CALCULO INTEGRAL,B,Teoria,zoom23,"CAYTUIRO SANDOVAL,  DAVID PAUL",Viernes,10:00:00,12:00:00
BMA02,CALCULO INTEGRAL,B,Teoria,zoom90,"CAYTUIRO SANDOVAL,  DAVID PAUL",Lunes,10:00:00,12:00:00
BMA02,CALCULO INTEGRAL,C,Teoria,zoom70,"CRIBILLERO ACHING,  JUAN AURELIO",Miercoles,14:00:00,16:00:00
BMA02,CALCULO INTEGRAL,C,Teoria,zoom89,"CRIBILLERO ACHING,  JUAN AURELIO",Lunes,14:00:00,16:00:00
BMA02,CALCULO INTEGRAL,C,Practica,zoom93,"ACUÑA ORTEGA,  RICHARD FLAVIO",Lunes,8:00:00,10:00:00
BMA02,CALCULO INTEGRAL,D,Teoria,zoom70,"ORE ALBORNOZ,  ERNESTO",Jueves,16:00:00,18:00:00
BMA02,CALCULO INTEGRAL,D,Teoria,zoom70,"ORE ALBORNOZ,  ERNESTO",Martes,16:00:00,18:00:00
BMA02,CALCULO INTEGRAL,D,Practica,zoom91,"ZAMUDIO PEVES,  JOSE FERNANDO",Lunes,8:00:00,10:00:00
BMA03,ALGEBRA LINEAL,A,Teoria,zoom25,"ZAMUDIO PEVES,  JOSE FERNANDO",Martes,10:00:00,12:00:00
BMA03,ALGEBRA LINEAL,A,Teoria,zoom25,"ZAMUDIO PEVES,  JOSE FERNANDO",Jueves,10:00:00,12:00:00
BMA03,ALGEBRA LINEAL,A,Practica,zoom25,"ORE ALBORNOZ,  ERNESTO",Miercoles,8:00:00,10:00:00
BMA03,ALGEBRA LINEAL,B,Teoria,zoom69,"ACUÑA ORTEGA,  RICHARD FLAVIO",Martes,8:00:00,10:00:00
BMA03,ALGEBRA LINEAL,B,Practica,zoom70,"ACUÑA ORTEGA,  RICHARD FLAVIO",Miercoles,8:00:00,10:00:00
BMA03,ALGEBRA LINEAL,B,Teoria,zoom69,"ACUÑA ORTEGA,  RICHARD FLAVIO",Jueves,8:00:00,10:00:00
BMA03,ALGEBRA LINEAL,C,Practica,zoom89,"PAREDES SORIA,  LEOPOLDO",Miercoles,8:00:00,10:00:00
BMA03,ALGEBRA LINEAL,C,Teoria,zoom89,"ROCA GALINDO,  LUIS RODOLFO",Martes,15:00:00,17:00:00
BMA03,ALGEBRA LINEAL,C,Teoria,zoom159,"ROCA GALINDO,  LUIS RODOLFO",Jueves,14:00:00,16:00:00
BMA03,ALGEBRA LINEAL,D,Teoria,zoom25,"CHULLUNCUY CENTENO,  ANDRES VICENTE",Viernes,14:00:00,16:00:00
BMA03,ALGEBRA LINEAL,D,Practica,zoom91,"CRIBILLERO ACHING,  JUAN AURELIO",Miercoles,8:00:00,10:00:00
BMA03,ALGEBRA LINEAL,D,Teoria,zoom25,"CHULLUNCUY CENTENO,  ANDRES VICENTE",Jueves,14:00:00,16:00:00
BMA03,ALGEBRA LINEAL,E,Teoria,zoom159,"PANIZO GARCIA,  GONZALO",Viernes,14:00:00,16:00:00
BMA03,ALGEBRA LINEAL,E,Practica,zoom156,"PANIZO GARCIA,  GONZALO",Miercoles,8:00:00,10:00:00
BMA03,ALGEBRA LINEAL,E,Teoria,zoom92,"PANIZO GARCIA,  GONZALO",Martes,14:00:00,16:00:00
BQU01,QUIMICA I,A,Teoria,zoom93,"FLORES GARCES,  JOSE AUGUSTO",Martes,15:00:00,17:00:00
BQU01,QUIMICA I,A,Teoria,zoom153,"FLORES GARCES,  JOSE AUGUSTO",Lunes,16:00:00,18:00:00
BQU01,QUIMICA I,A,Laboratorio,zoom157,"DAVILA INGARUCA,  MARCELINO EUSEBIO",Miercoles,13:00:00,15:00:00
BQU01,QUIMICA I,B,Teoria,zoom153,"FLORES GARCES,  JOSE AUGUSTO",Lunes,16:00:00,18:00:00
BQU01,QUIMICA I,B,Teoria,zoom93,"FLORES GARCES,  JOSE AUGUSTO",Martes,15:00:00,17:00:00
BQU01,QUIMICA I,B,Laboratorio,zoom69,"CORZO LUCIONI,  ALBERTO",Miercoles,17:00:00,19:00:00
BQU01,QUIMICA I,C,Teoria,zoom24,"DURAND AGUILAR,  KORALI CAROLINA",Miercoles,10:00:00,12:00:00
BQU01,QUIMICA I,C,Laboratorio,zoom89,"DAVILA INGARUCA,  MARCELINO EUSEBIO",Viernes,10:00:00,12:00:00
BQU01,QUIMICA I,C,Teoria,zoom153,"DURAND AGUILAR,  KORALI CAROLINA",Lunes,10:00:00,12:00:00
BQU01,QUIMICA I,D,Teoria,zoom24,"DURAND AGUILAR,  KORALI CAROLINA",Miercoles,10:00:00,12:00:00
BQU01,QUIMICA I,D,Laboratorio,zoom157,"SAYAN RIVERA,  ROSA MARIA ELIZABETH",Jueves,12:00:00,14:00:00
BQU01,QUIMICA I,D,Teoria,zoom153,"DURAND AGUILAR,  KORALI CAROLINA",Lunes,10:00:00,12:00:00
BQU01,QUIMICA I,E,Teoria,zoom157,"SAYAN RIVERA,  ROSA MARIA ELIZABETH",Martes,10:00:00,12:00:00
BQU01,QUIMICA I,E,Teoria,zoom157,"SAYAN RIVERA,  ROSA MARIA ELIZABETH",Jueves,10:00:00,12:00:00
BQU01,QUIMICA I,E,Laboratorio,zoom93,"SAYAN RIVERA,  ROSA MARIA ELIZABETH",Martes,13:00:00,15:00:00
BQU01,QUIMICA I,F,Laboratorio,zoom93,"FLORES GARCES,  JOSE AUGUSTO",Martes,17:00:00,19:00:00
BQU01,QUIMICA I,F,Teoria,zoom157,"SAYAN RIVERA,  ROSA MARIA ELIZABETH",Jueves,10:00:00,12:00:00
BQU01,QUIMICA I,F,Teoria,zoom157,"SAYAN RIVERA,  ROSA MARIA ELIZABETH",Martes,10:00:00,12:00:00
BQU01,QUIMICA I,G,Laboratorio,zoom159,"DAMIAN BRIONES,  MARIA ANGELICA",Martes,13:00:00,15:00:00
BQU01,QUIMICA I,G,Teoria,zoom157,"MUEDAS TAIPE,  GOLFER",Martes,8:00:00,10:00:00
BQU01,QUIMICA I,G,Teoria,zoom157,"MUEDAS TAIPE,  GOLFER",Jueves,8:00:00,10:00:00
BQU01,QUIMICA I,H,Teoria,zoom157,"MUEDAS TAIPE,  GOLFER",Martes,8:00:00,10:00:00
BQU01,QUIMICA I,H,Laboratorio,zoom159,"SAYAN RIVERA,  ROSA MARIA ELIZABETH",Martes,15:00:00,17:00:00
BQU01,QUIMICA I,H,Teoria,zoom157,"MUEDAS TAIPE,  GOLFER",Jueves,8:00:00,10:00:00
BRC01,REDACCION Y COMUNICACION,A,Practica,zoom23,"GOMEZ ESPINOZA,  LUISA VIVIANA",Sabado,10:00:00,12:00:00
BRC01,REDACCION Y COMUNICACION,A,Teoria,zoom23,"GOMEZ ESPINOZA,  LUISA VIVIANA",Sabado,9:00:00,10:00:00
BRC01,REDACCION Y COMUNICACION,B,Teoria,zoom155,"EVANGELISTA PADILLA,  EVELIN",Martes,14:00:00,15:00:00
BRC01,REDACCION Y COMUNICACION,B,Practica,zoom155,"EVANGELISTA PADILLA,  EVELIN",Martes,15:00:00,17:00:00
BRC01,REDACCION Y COMUNICACION,C,Practica,zoom163,"EVANGELISTA PADILLA,  EVELIN",Lunes,14:00:00,16:00:00
BRC01,REDACCION Y COMUNICACION,C,Teoria,zoom163,"EVANGELISTA PADILLA,  EVELIN",Lunes,13:00:00,14:00:00
BRC01,REDACCION Y COMUNICACION,D,Practica,zoom23,"EVANGELISTA PADILLA,  EVELIN",Sabado,14:00:00,16:00:00
BRC01,REDACCION Y COMUNICACION,D,Teoria,zoom23,"EVANGELISTA PADILLA,  EVELIN",Sabado,13:00:00,14:00:00
BRN01,"REALIDAD NACIONAL, CONSTITUCION Y DERECHOS HUMANOS",A,Teoria,zoom165,"CLAVIJO RAMOS,  RAUL HUMBERTO",Sabado,14:00:00,16:00:00
BRN01,"REALIDAD NACIONAL, CONSTITUCION Y DERECHOS HUMANOS",A,Practica,zoom165,"CLAVIJO RAMOS,  RAUL HUMBERTO",Sabado,16:00:00,18:00:00
BRN01,"REALIDAD NACIONAL, CONSTITUCION Y DERECHOS HUMANOS",B,Practica,zoom160,"CLAVIJO RAMOS,  RAUL HUMBERTO",Sabado,10:00:00,12:00:00
BRN01,"REALIDAD NACIONAL, CONSTITUCION Y DERECHOS HUMANOS",B,Teoria,zoom160,"CLAVIJO RAMOS,  RAUL HUMBERTO",Sabado,8:00:00,10:00:00
BRN01,"REALIDAD NACIONAL, CONSTITUCION Y DERECHOS HUMANOS",C,Teoria,zoom162,"GOMEZ ESPINOZA,  LUISA VIVIANA",Martes,18:00:00,20:00:00
BRN01,"REALIDAD NACIONAL, CONSTITUCION Y DERECHOS HUMANOS",C,Practica,zoom162,"GOMEZ ESPINOZA,  LUISA VIVIANA",Martes,20:00:00,22:00:00
BRN01,"REALIDAD NACIONAL, CONSTITUCION Y DERECHOS HUMANOS",D,Practica,zoom163,"CCANRE SALAZAR,  POLICARPO",Sabado,16:00:00,18:00:00
BRN01,"REALIDAD NACIONAL, CONSTITUCION Y DERECHOS HUMANOS",D,Teoria,zoom163,"CCANRE SALAZAR,  POLICARPO",Sabado,14:00:00,16:00:00
BRN01,"REALIDAD NACIONAL, CONSTITUCION Y DERECHOS HUMANOS",E,Teoria,zoom69,"CCANRE SALAZAR,  POLICARPO",Jueves,16:00:00,18:00:00
BRN01,"REALIDAD NACIONAL, CONSTITUCION Y DERECHOS HUMANOS",E,Practica,zoom69,"CCANRE SALAZAR,  POLICARPO",Jueves,18:00:00,20:00:00
BRN01,"REALIDAD NACIONAL, CONSTITUCION Y DERECHOS HUMANOS",F,Teoria,zoom22,"HUMALA TASSO,  ULISES",Jueves,18:00:00,20:00:00
BRN01,"REALIDAD NACIONAL, CONSTITUCION Y DERECHOS HUMANOS",F,Practica,zoom22,"HUMALA TASSO,  ULISES",Jueves,20:00:00,22:00:00
CC0A2,PROGRAMACION DE DISPOSITIVOS MOVILES,A,Laboratorio,zoom89,"MARTINEZ CHUNGA,  RONALD RICARDO",Sabado,18:00:00,21:00:00
CC0A2,PROGRAMACION DE DISPOSITIVOS MOVILES,A,Teoria,zoom90,"MARTINEZ CHUNGA,  RONALD RICARDO",Jueves,18:00:00,21:00:00
CC0A5,CALIDAD DE SOFTWARE,A,Teoria,zoom159,"ARRUNÁTEGUI ANGULO,  GIPSY MIGUEL",Lunes,18:00:00,21:00:00
CC0A5,CALIDAD DE SOFTWARE,A,Laboratorio,zoom159,"ARRUNÁTEGUI ANGULO,  GIPSY MIGUEL",Viernes,18:00:00,21:00:00
CC0E3,COMPILADORES,A,Teoria,zoom156,"OSORIO UBALDO,  JAIME",Lunes,14:00:00,17:00:00
CC0E3,COMPILADORES,A,Laboratorio,zoom69,"OSORIO UBALDO,  JAIME",Viernes,14:00:00,17:00:00
CC112,FUNDAMENTOS DE PROGRAMACION,A,Teoria,zoom156,"NUÑEZ ITURRI,  CIRO JAVIER",Lunes,12:00:00,14:00:00
CC112,FUNDAMENTOS DE PROGRAMACION,A,Laboratorio,zoom163,"NUÑEZ ITURRI,  CIRO JAVIER",Jueves,16:00:00,20:00:00
CC112,FUNDAMENTOS DE PROGRAMACION,B,Laboratorio,zoom154,"ROCA GALINDO,  LUIS RODOLFO",Jueves,16:00:00,20:00:00
CC112,FUNDAMENTOS DE PROGRAMACION,B,Teoria,zoom161,"CCOICCA PACASI,  YURI JAVIER",Martes,13:00:00,15:00:00
CC112,FUNDAMENTOS DE PROGRAMACION,C,Laboratorio,zoom162,"DIAZ DOMÍNGUEZ,  CARLOS MANUEL",Jueves,16:00:00,20:00:00
CC112,FUNDAMENTOS DE PROGRAMACION,C,Teoria,zoom154,"DIAZ DOMÍNGUEZ,  CARLOS MANUEL",Lunes,18:00:00,20:00:00
CC202,BASE DE DATOS,A,Teoria,zoom160,"MELCHOR ESPINOZA,  VICTOR",Martes,8:00:00,11:00:00
CC202,BASE DE DATOS,A,Laboratorio,zoom160,"MELCHOR ESPINOZA,  VICTOR",Lunes,13:00:00,16:00:00
CC211,PROGRAMACION ORIENTADA A OBJETOS,A,Laboratorio,zoom70,"BAZAN CABANILLAS,  CARLOS ALBERTO",Viernes,7:00:00,10:00:00
CC211,PROGRAMACION ORIENTADA A OBJETOS,A,Laboratorio,zoom22,"BAZAN CABANILLAS,  CARLOS ALBERTO",Lunes,9:00:00,10:00:00
CC211,PROGRAMACION ORIENTADA A OBJETOS,A,Teoria,zoom22,"BAZAN CABANILLAS,  CARLOS ALBERTO",Lunes,7:00:00,9:00:00
CC221,ARQUITECTURA DE COMPUTADORES,A,Teoria,zoom156,"CRUZ SALAZAR,  CESAR MARTIN",Martes,19:00:00,21:00:00
CC221,ARQUITECTURA DE COMPUTADORES,A,Laboratorio,zoom157,"CRUZ SALAZAR,  CESAR MARTIN",Jueves,18:00:00,22:00:00
CC221,ARQUITECTURA DE COMPUTADORES,B,Teoria,zoom156,"CRUZ SALAZAR,  CESAR MARTIN",Martes,19:00:00,21:00:00
CC221,ARQUITECTURA DE COMPUTADORES,B,Laboratorio,zoom158,"CRUZ SALAZAR,  CESAR MARTIN",Viernes,18:00:00,22:00:00
CC222,SISTEMAS OPERATIVOS,A,Laboratorio,zoom155,"BAZAN CABANILLAS,  CARLOS ALBERTO",Jueves,8:00:00,11:00:00
CC222,SISTEMAS OPERATIVOS,A,Teoria,zoom92,"BAZAN CABANILLAS,  CARLOS ALBERTO",Miercoles,7:00:00,10:00:00
CC232,ALGORITMOS Y ESTRUCTURAS DE DATOS,A,Teoria,zoom152,"DIAZ DOMÍNGUEZ,  CARLOS MANUEL",Martes,14:00:00,16:00:00
CC232,ALGORITMOS Y ESTRUCTURAS DE DATOS,A,Laboratorio,zoom155,"DIAZ DOMÍNGUEZ,  CARLOS MANUEL",Miercoles,18:00:00,22:00:00
CC3M2,MATEMATICA COMPUTACIONAL,A,Laboratorio,zoom155,"CHULLUNCUY REYNOSO,  AMERICO ANDRES",Miercoles,7:00:00,10:00:00
CC3M2,MATEMATICA COMPUTACIONAL,A,Teoria,zoom152,"CHULLUNCUY REYNOSO,  AMERICO ANDRES",Martes,11:00:00,14:00:00
CC3S2,DESARROLLO DE SOFTWARE,A,Teoria,zoom159,"LARA AVILA,  CESAR",Lunes,10:00:00,12:00:00
CC3S2,DESARROLLO DE SOFTWARE,A,Laboratorio,zoom159,"LARA AVILA,  CESAR",Lunes,12:00:00,13:00:00
CC3S2,DESARROLLO DE SOFTWARE,A,Laboratorio,zoom154,"LARA AVILA,  CESAR",Jueves,8:00:00,11:00:00
CC311,COMPUTACION CENTRADA EN REDES,A,Laboratorio,zoom152,"MARTINEZ CHUNGA,  RONALD RICARDO",Viernes,18:00:00,21:00:00
CC311,COMPUTACION CENTRADA EN REDES,A,Teoria,zoom152,"MARTINEZ CHUNGA,  RONALD RICARDO",Miercoles,18:00:00,21:00:00
CC312,ADMINISTRACION DE REDES,A,Laboratorio,zoom93,"CCOICCA PACASI,  YURI JAVIER",Jueves,14:00:00,17:00:00
CC312,ADMINISTRACION DE REDES,A,Teoria,zoom157,"CCOICCA PACASI,  YURI JAVIER",Martes,15:00:00,18:00:00
CC321,"TEORIA DE AUTOMATAS, LENGUAJES Y COMPUTACION",A,Practica,zoom154,"MELCHOR ESPINOZA,  VICTOR",Viernes,15:00:00,18:00:00
CC321,"TEORIA DE AUTOMATAS, LENGUAJES Y COMPUTACION",A,Teoria,zoom158,"MELCHOR ESPINOZA,  VICTOR",Martes,19:00:00,22:00:00
CC332,PROGRAMACION PARALELA,A,Teoria,zoom155,"FIESTAS IQUIRA,  JOSE ANTONIO",Martes,8:00:00,10:00:00
CC332,PROGRAMACION PARALELA,A,Laboratorio,zoom92,"FIESTAS IQUIRA,  JOSE ANTONIO",Viernes,8:00:00,11:00:00
CC332,PROGRAMACION PARALELA,A,Laboratorio,zoom155,"FIESTAS IQUIRA,  JOSE ANTONIO",Martes,10:00:00,11:00:00
CC341,INGENIERIA DE SOFTWARE,A,Teoria,zoom154,"ARRUNÁTEGUI ANGULO,  GIPSY MIGUEL",Lunes,15:00:00,18:00:00
CC341,INGENIERIA DE SOFTWARE,A,Laboratorio,zoom161,"ARRUNÁTEGUI ANGULO,  GIPSY MIGUEL",Jueves,18:00:00,21:00:00
CC371,ANALISIS Y DISEÑO DE ALGORITMOS,A,Teoria,zoom164,"OSORIO UBALDO,  JAIME",Lunes,18:00:00,21:00:00
CC371,ANALISIS Y DISEÑO DE ALGORITMOS,A,Laboratorio,zoom155,"OSORIO UBALDO,  JAIME",Jueves,11:00:00,14:00:00
CC4H1,METODOLOGIA DE LA INVESTIGACION,A,Teoria,zoom157,"SEGOVIA JUAREZ,  JOSE LUIS",Martes,18:00:00,19:00:00
CC4H1,METODOLOGIA DE LA INVESTIGACION,A,Practica,zoom157,"SEGOVIA JUAREZ,  JOSE LUIS",Martes,19:00:00,21:00:00
CC4P1,PROGRAMACION CONCURRENTE Y DISTRIBUIDA,A,Laboratorio,zoom154,"NUÑEZ MEDRANO,  YURI",Martes,7:00:00,10:00:00
CC4P1,PROGRAMACION CONCURRENTE Y DISTRIBUIDA,A,Teoria,zoom154,"NUÑEZ MEDRANO,  YURI",Lunes,7:00:00,9:00:00
CC4P1,PROGRAMACION CONCURRENTE Y DISTRIBUIDA,A,Laboratorio,zoom154,"NUÑEZ MEDRANO,  YURI",Lunes,9:00:00,10:00:00
CC411,SEGURIDAD EN SISTEMAS INFORMATICOS,A,Teoria,zoom93,"VALER QUISPE,  SIDNEY",Viernes,15:00:00,18:00:00
CC411,SEGURIDAD EN SISTEMAS INFORMATICOS,A,Laboratorio,zoom93,"VALER QUISPE,  SIDNEY",Sabado,15:00:00,18:00:00
CC412,PROYECTO DE TESIS I,A,Teoria,zoom163,"FLORES LUYO,  LUIS ERNESTO",Sabado,20:00:00,22:00:00
CC421,INTELIGENCIA ARTIFICIAL,A,Teoria,zoom156,"LARA AVILA,  CESAR",Miercoles,18:00:00,21:00:00
CC421,INTELIGENCIA ARTIFICIAL,A,Laboratorio,zoom155,"LARA AVILA,  CESAR",Lunes,15:00:00,18:00:00
CC422,INFRAESTRUCTURAS DE COMPUTACION,A,Laboratorio,zoom93,"LOZANO APARICIO,  JOSE MARTIN",Viernes,19:00:00,22:00:00
CC422,INFRAESTRUCTURAS DE COMPUTACION,A,Teoria,zoom165,"LOZANO APARICIO,  JOSE MARTIN",Lunes,19:00:00,22:00:00
CC432,ROBOTICA,A,Teoria,zoom155,"LOZANO APARICIO,  JOSE MARTIN",Martes,19:00:00,22:00:00
CC432,ROBOTICA,A,Laboratorio,zoom160,"LOZANO APARICIO,  JOSE MARTIN",Miercoles,19:00:00,22:00:00
CC442,MINERIA DE DATOS,A,Laboratorio,zoom92,"NAVARRO HUAMANI,  LUIS ALBERTO",Miercoles,10:00:00,13:00:00
CC442,MINERIA DE DATOS,A,Teoria,zoom161,"NAVARRO HUAMANI,  LUIS ALBERTO",Martes,10:00:00,13:00:00
CC451,INTERACCION HUMANOCOMPUTADOR,A,Laboratorio,zoom165,"NUÑEZ ITURRI,  CIRO JAVIER",Miercoles,14:00:00,17:00:00
CC451,INTERACCION HUMANOCOMPUTADOR,A,Laboratorio,zoom91,"NUÑEZ ITURRI,  CIRO JAVIER",Martes,16:00:00,17:00:00
CC451,INTERACCION HUMANOCOMPUTADOR,A,Teoria,zoom91,"NUÑEZ ITURRI,  CIRO JAVIER",Martes,14:00:00,16:00:00
CC511,PROYECTO DE TESIS II,A,Teoria,zoom163,"FLORES LUYO,  LUIS ERNESTO",Sabado,20:00:00,22:00:00
CC512,PROYECTO DE TESIS III,A,Teoria,zoom164,"FLORES LUYO,  LUIS ERNESTO",Sabado,20:00:00,22:00:00
CC521,PROGRAMACION EVOLUTIVA,A,Teoria,zoom158,"ALANIA VICENTE,  MARCOS ANTONIO",Jueves,19:00:00,21:00:00
CC521,PROGRAMACION EVOLUTIVA,A,Laboratorio,zoom158,"ALANIA VICENTE,  MARCOS ANTONIO",Jueves,21:00:00,22:00:00
CC521,PROGRAMACION EVOLUTIVA,A,Laboratorio,zoom158,"ALANIA VICENTE,  MARCOS ANTONIO",Sabado,8:00:00,11:00:00
CC531,ANALISIS EN MACRODATOS,A,Laboratorio,zoom154,"NUÑEZ MEDRANO,  YURI",Martes,17:00:00,18:00:00
CC531,ANALISIS EN MACRODATOS,A,Teoria,zoom154,"NUÑEZ MEDRANO,  YURI",Martes,15:00:00,17:00:00
CC531,ANALISIS EN MACRODATOS,A,Laboratorio,zoom152,"NUÑEZ MEDRANO,  YURI",Miercoles,15:00:00,18:00:00
CF001,TOPICOS ESPECIALES I,A,Teoria,zoom24,"SOTO BARRIENTOS,  DANIEL EDUARDO",Lunes,10:00:00,12:00:00
CF001,TOPICOS ESPECIALES I,A,Teoria,zoom69,"SOTO BARRIENTOS,  DANIEL EDUARDO",Miercoles,14:00:00,16:00:00
CF002,TOPICOS ESPECIALES II,A,Practica,zoom24,"PAUCARCHUCO MUZURRIETA,  CARLOS RAUL",Miercoles,16:00:00,19:00:00
CF002,TOPICOS ESPECIALES II,A,Teoria,zoom165,"DIAZ ROSADO,  JOSE CARLOS",Jueves,10:00:00,12:00:00
CF046,INTRODUCCION A LA ASTRONOMIA,A,Teoria,zoom163,"ZEVALLOS HERENCIA,  MARIA ISELA",Viernes,17:00:00,19:00:00
CF046,INTRODUCCION A LA ASTRONOMIA,A,Practica,zoom92,"ZEVALLOS HERENCIA,  MARIA ISELA",Lunes,14:00:00,18:00:00
CF046,INTRODUCCION A LA ASTRONOMIA,A,Teoria,zoom156,"ZEVALLOS HERENCIA,  MARIA ISELA",Miercoles,10:00:00,12:00:00
CF049,ELECTROMAGNETISMO II,A,Practica,zoom154,"SOTO BARRIENTOS,  DANIEL EDUARDO",Sabado,14:00:00,16:00:00
CF049,ELECTROMAGNETISMO II,A,Teoria,zoom158,"SOTO BARRIENTOS,  DANIEL EDUARDO",Jueves,14:00:00,16:00:00
CF049,ELECTROMAGNETISMO II,A,Teoria,zoom92,"SOTO BARRIENTOS,  DANIEL EDUARDO",Martes,12:00:00,14:00:00
CF049,ELECTROMAGNETISMO II,A,Teoria,zoom159,"SOTO BARRIENTOS,  DANIEL EDUARDO",Lunes,14:00:00,16:00:00
CF060,METODOS NUMERICOS,A,Teoria,zoom159,"PAREDES CABREL,  ALEJANDRO DANIEL",Miercoles,16:00:00,18:00:00
CF060,METODOS NUMERICOS,A,Practica,zoom163,"PAREDES CABREL,  ALEJANDRO DANIEL",Lunes,18:00:00,20:00:00
CF060,METODOS NUMERICOS,A,Teoria,zoom163,"PAREDES CABREL,  ALEJANDRO DANIEL",Lunes,16:00:00,18:00:00
CF076,INTRODUCCION A LA ELECTRODINAMICA CUANTICA,A,Teoria,zoom23,"PEREYRA RAVINEZ,  ORLANDO LUIS",Lunes,10:00:00,12:00:00
CF076,INTRODUCCION A LA ELECTRODINAMICA CUANTICA,A,Teoria,zoom164,"PEREYRA RAVINEZ,  ORLANDO LUIS",Martes,14:00:00,16:00:00
CF076,INTRODUCCION A LA ELECTRODINAMICA CUANTICA,A,Practica,zoom164,"CASTILLO RUIZ,  OSCAR EDUARDO",Jueves,8:00:00,12:00:00
CF1B2,FISICA II,A,Practica,zoom152,"SALAZAR RODRIGUEZ,  ROBERTO",Viernes,8:00:00,10:00:00
CF1B2,FISICA II,A,Teoria,zoom162,"CUSTODIO FERNANDEZ,  SANTIAGO ROSSEVELT",Lunes,10:00:00,12:00:00
CF1B2,FISICA II,A,Teoria,zoom161,"CUSTODIO FERNANDEZ,  SANTIAGO ROSSEVELT",Miercoles,10:00:00,12:00:00
CF1B2,FISICA II,A,Laboratorio,zoom153,"SALAZAR RODRIGUEZ,  ROBERTO",Viernes,14:00:00,17:00:00
CF1B2,FISICA II,B,Teoria,zoom152,"ZEVALLOS HERENCIA,  MARIA ISELA",Jueves,8:00:00,10:00:00
CF1B2,FISICA II,B,Practica,zoom153,"ONCEBAY SEGURA,  CHARLIE OSCAR",Viernes,8:00:00,10:00:00
CF1B2,FISICA II,B,Laboratorio,zoom162,"ONCEBAY SEGURA,  CHARLIE OSCAR",Martes,13:00:00,16:00:00
CF1B2,FISICA II,B,Teoria,zoom162,"ZEVALLOS HERENCIA,  MARIA ISELA",Martes,8:00:00,10:00:00
CF1C2,ALGEBRA LINEAL PARA FISICOS I,A,Teoria,zoom161,"VIDALON VIDALON,  EDGARD",Jueves,10:00:00,12:00:00
CF1C2,ALGEBRA LINEAL PARA FISICOS I,A,Practica,zoom330,"CUYUBAMBA ESPINOZA,  MARCO ANTONIO",Miercoles,8:00:00,10:00:00
CF1C2,ALGEBRA LINEAL PARA FISICOS I,A,Teoria,zoom162,"VIDALON VIDALON,  EDGARD",Martes,10:00:00,12:00:00
CF2B1,FISICA III,A,Practica,zoom153,"CORTEZ REYES,  GREGORIO CUSTODIO",Viernes,10:00:00,12:00:00
CF2B1,FISICA III,A,Laboratorio,zoom383,"CORTEZ REYES,  GREGORIO CUSTODIO",Viernes,16:00:00,19:00:00
CF2B1,FISICA III,A,Teoria,zoom157,"CUSTODIO FERNANDEZ,  SANTIAGO ROSSEVELT",Lunes,8:00:00,10:00:00
CF2B1,FISICA III,A,Teoria,zoom164,"CUSTODIO FERNANDEZ,  SANTIAGO ROSSEVELT",Miercoles,8:00:00,10:00:00
CF2B1,FISICA III,B,Laboratorio,zoom153,"CORTEZ REYES,  GREGORIO CUSTODIO",Jueves,16:00:00,19:00:00
CF2B1,FISICA III,B,Teoria,zoom159,"SALAZAR RODRIGUEZ,  ROBERTO",Miercoles,10:00:00,12:00:00
CF2B1,FISICA III,B,Teoria,zoom163,"SALAZAR RODRIGUEZ,  ROBERTO",Lunes,10:00:00,12:00:00
CF2B1,FISICA III,B,Practica,zoom152,"CORTEZ REYES,  GREGORIO CUSTODIO",Viernes,10:00:00,12:00:00
CF2B2,OPTICA CLASICA,A,Teoria,zoom91,"AMORETTI VIDAL,  JESUS ESTEBAN",Lunes,14:00:00,16:00:00
CF2B2,OPTICA CLASICA,A,Laboratorio,zoom22,"CUYUBAMBA ESPINOZA,  MARCO ANTONIO",Martes,10:00:00,13:00:00
CF2B2,OPTICA CLASICA,A,Practica,zoom163,"CUYUBAMBA ESPINOZA,  MARCO ANTONIO",Viernes,10:00:00,12:00:00
CF2B2,OPTICA CLASICA,A,Teoria,zoom90,"AMORETTI VIDAL,  JESUS ESTEBAN",Miercoles,14:00:00,16:00:00
CF2B2,OPTICA CLASICA,B,Teoria,zoom92,"ZEVALLOS HERENCIA,  MARIA ISELA",Viernes,14:00:00,16:00:00
CF2B2,OPTICA CLASICA,B,Laboratorio,zoom383,"CUSTODIO FERNANDEZ,  SANTIAGO ROSSEVELT",Lunes,13:00:00,16:00:00
CF2B2,OPTICA CLASICA,B,Practica,zoom161,"CUSTODIO FERNANDEZ,  SANTIAGO ROSSEVELT",Viernes,10:00:00,12:00:00
CF2B2,OPTICA CLASICA,B,Teoria,zoom92,"ZEVALLOS HERENCIA,  MARIA ISELA",Miercoles,14:00:00,16:00:00
CF2C1,ALGEBRA LINEAL PARA FISICOS II,A,Teoria,zoom383,"SOTO BARRIENTOS,  DANIEL EDUARDO",Viernes,14:00:00,16:00:00
CF2C1,ALGEBRA LINEAL PARA FISICOS II,A,Practica,zoom158,"PAREDES CARLOS,  ANGEL JUVENCIO",Lunes,13:00:00,16:00:00
CF2C1,ALGEBRA LINEAL PARA FISICOS II,A,Teoria,zoom164,"SOTO BARRIENTOS,  DANIEL EDUARDO",Martes,16:00:00,18:00:00
CF2C2,METODOS MATEMATICOS PARA FISICOS I,A,Teoria,zoom23,"TOVAR LANDEO,  RENATO",Lunes,8:00:00,10:00:00
CF2C2,METODOS MATEMATICOS PARA FISICOS I,A,Practica,zoom165,"ALTAMIRANO MACETAS,  ALEJANDRA",Martes,14:00:00,17:00:00
CF2C2,METODOS MATEMATICOS PARA FISICOS I,A,Teoria,zoom93,"TOVAR LANDEO,  RENATO",Miercoles,8:00:00,10:00:00
CF2C2,METODOS MATEMATICOS PARA FISICOS I,A,Teoria,zoom91,"TOVAR LANDEO,  RENATO",Viernes,8:00:00,10:00:00
CF3C1,METODOS MATEMATICOS PARA FISICOS II,A,Practica,zoom165,"ALTAMIRANO MACETAS,  ALEJANDRA",Jueves,14:00:00,17:00:00
CF3C1,METODOS MATEMATICOS PARA FISICOS II,A,Teoria,zoom164,"VIDALON VIDALON,  EDGARD",Lunes,10:00:00,12:00:00
CF3C1,METODOS MATEMATICOS PARA FISICOS II,A,Teoria,zoom163,"VIDALON VIDALON,  EDGARD",Miercoles,10:00:00,12:00:00
CF3C1,METODOS MATEMATICOS PARA FISICOS II,A,Teoria,zoom164,"VIDALON VIDALON,  EDGARD",Viernes,10:00:00,12:00:00
CF3E1,CIRCUITOS ELECTRONICOS ANALOGICOS,A,Laboratorio,zoom153,"RONDINEL PINEDA,  CIRCE MARINA",Jueves,8:00:00,12:00:00
CF3E1,CIRCUITOS ELECTRONICOS ANALOGICOS,A,Laboratorio,zoom329,"ORCCOHUARANCCA NINA,  AMERICO",Martes,8:00:00,12:00:00
CF3E1,CIRCUITOS ELECTRONICOS ANALOGICOS,B,Laboratorio,zoom329,"ORCCOHUARANCCA NINA,  AMERICO",Martes,14:00:00,18:00:00
CF3E1,CIRCUITOS ELECTRONICOS ANALOGICOS,B,Laboratorio,zoom165,"ONCEBAY SEGURA,  CHARLIE OSCAR",Viernes,14:00:00,18:00:00
CF3F1,MECANICA CLASICA,A,Teoria,zoom164,"TELLO GALVEZ,  JULIO CESAR",Lunes,8:00:00,10:00:00
CF3F1,MECANICA CLASICA,A,Practica,zoom152,"CUYUBAMBA ESPINOZA,  MARCO ANTONIO",Sabado,8:00:00,11:00:00
CF3F1,MECANICA CLASICA,A,Teoria,zoom164,"TELLO GALVEZ,  JULIO CESAR",Viernes,8:00:00,10:00:00
CF3F1,MECANICA CLASICA,A,Teoria,zoom163,"TELLO GALVEZ,  JULIO CESAR",Miercoles,8:00:00,10:00:00
CF3F2,MECANICA CUANTICA I,A,Teoria,zoom152,"PEREYRA RAVINEZ,  ORLANDO LUIS",Jueves,10:00:00,12:00:00
CF3F2,MECANICA CUANTICA I,A,Teoria,zoom165,"PEREYRA RAVINEZ,  ORLANDO LUIS",Martes,10:00:00,12:00:00
CF3F2,MECANICA CUANTICA I,A,Practica,zoom164,"DIAZ CHAVEZ,  HENRY",Miercoles,16:00:00,20:00:00
CF3F3,FISICA MODERNA,A,Practica,zoom160,"INGA CAQUI,  MARVYN WILLIAM",Viernes,15:00:00,18:00:00
CF3F3,FISICA MODERNA,A,Teoria,zoom153,"PETRICK CASAGRANDE,  SUSANA MARGARITA",Miercoles,14:00:00,16:00:00
CF3F3,FISICA MODERNA,A,Teoria,zoom153,"PETRICK CASAGRANDE,  SUSANA MARGARITA",Lunes,14:00:00,16:00:00
CF3F4,ELECTROMAGNETISMO I,A,Teoria,zoom163,"OCHOA JIMENEZ,  ROSENDO",Lunes,8:00:00,10:00:00
CF3F4,ELECTROMAGNETISMO I,A,Practica,zoom22,"ALTAMIRANO MACETAS,  ALEJANDRA",Lunes,14:00:00,18:00:00
CF3F4,ELECTROMAGNETISMO I,A,Teoria,zoom22,"OCHOA JIMENEZ,  ROSENDO",Martes,8:00:00,10:00:00
CF3F4,ELECTROMAGNETISMO I,A,Teoria,zoom160,"OCHOA JIMENEZ,  ROSENDO",Jueves,8:00:00,10:00:00
CF4D2,PROYECTO DE TESIS I,A,Teoria,zoom154,"TELLO GALVEZ,  JULIO CESAR",Sabado,20:00:00,22:00:00
CF4E1,LABORATORIO DE FISICA INTERMEDIA,A,Laboratorio,zoom335,"PUJADA BERMUDEZ,  BRAULIO RAFAEL",Martes,8:00:00,12:00:00
CF4E1,LABORATORIO DE FISICA INTERMEDIA,A,Laboratorio,zoom335,"PUJADA BERMUDEZ,  BRAULIO RAFAEL",Jueves,8:00:00,12:00:00
CF4E1,LABORATORIO DE FISICA INTERMEDIA,B,Laboratorio,zoom335,"PETRICK CASAGRANDE,  SUSANA MARGARITA",Miercoles,8:00:00,12:00:00
CF4E1,LABORATORIO DE FISICA INTERMEDIA,B,Laboratorio,zoom335,"PETRICK CASAGRANDE,  SUSANA MARGARITA",Viernes,8:00:00,12:00:00
CF4E1,LABORATORIO DE FISICA INTERMEDIA,C,Laboratorio,zoom335,"RUEDA RÁEZ,  LUIS DANIEL",Sabado,9:00:00,13:00:00
CF4E1,LABORATORIO DE FISICA INTERMEDIA,C,Laboratorio,zoom335,"RUEDA RÁEZ,  LUIS DANIEL",Miercoles,14:00:00,18:00:00
CF4E2,LABORATORIO DE FISICA AVANZADA,A,Laboratorio,zoom329,"VALERA PALACIOS,  ANIBAL ABEL",Miercoles,8:00:00,12:00:00
CF4E2,LABORATORIO DE FISICA AVANZADA,A,Laboratorio,zoom383,"VALERA PALACIOS,  ANIBAL ABEL",Lunes,8:00:00,12:00:00
CF4F1,TERMODINAMICA Y MECANICA ESTADISTICA,A,Teoria,zoom163,"LORO RAMIREZ,  HECTOR RAUL",Viernes,8:00:00,10:00:00
CF4F1,TERMODINAMICA Y MECANICA ESTADISTICA,A,Teoria,zoom162,"LORO RAMIREZ,  HECTOR RAUL",Lunes,8:00:00,10:00:00
CF4F1,TERMODINAMICA Y MECANICA ESTADISTICA,A,Teoria,zoom161,"LORO RAMIREZ,  HECTOR RAUL",Miercoles,8:00:00,10:00:00
CF4F1,TERMODINAMICA Y MECANICA ESTADISTICA,A,Practica,zoom383,"PAREDES CARLOS,  ANGEL JUVENCIO",Martes,14:00:00,18:00:00
CF4F2,FISICA ATOMICA Y MOLECULAR,A,Teoria,zoom160,"BELTRAN RAMIREZ,  JHOSEP VICTORINO",Jueves,10:00:00,12:00:00
CF4F2,FISICA ATOMICA Y MOLECULAR,A,Teoria,zoom159,"BELTRAN RAMIREZ,  JHOSEP VICTORINO",Martes,10:00:00,12:00:00
CF4F2,FISICA ATOMICA Y MOLECULAR,A,Practica,zoom23,"ALTAMIRANO MACETAS,  ALEJANDRA",Viernes,13:00:00,16:00:00
CF4F3,MECANICA CUANTICA II,A,Practica,zoom162,"DIAZ CHAVEZ,  HENRY",Viernes,14:00:00,18:00:00
CF4F3,MECANICA CUANTICA II,A,Teoria,zoom162,"TOVAR LANDEO,  RENATO",Viernes,10:00:00,12:00:00
CF4F3,MECANICA CUANTICA II,A,Teoria,zoom164,"TOVAR LANDEO,  RENATO",Miercoles,10:00:00,12:00:00
CF5D1,PROYECTO DE TESIS II,A,Teoria,zoom155,"TELLO GALVEZ,  JULIO CESAR",Sabado,20:00:00,22:00:00
CF5D2,PROYECTO DE TESIS III,A,Teoria,zoom156,"TELLO GALVEZ,  JULIO CESAR",Sabado,20:00:00,22:00:00
CF5F1,FISICA DEL ESTADO SOLIDO I,A,Teoria,zoom160,"LEON HILARIO,  LUDWIN MISAEL",Miercoles,16:00:00,18:00:00
CF5F1,FISICA DEL ESTADO SOLIDO I,A,Teoria,zoom91,"LEON HILARIO,  LUDWIN MISAEL",Lunes,16:00:00,18:00:00
CF5F1,FISICA DEL ESTADO SOLIDO I,A,Practica,zoom23,"CUSTODIO FERNANDEZ,  SANTIAGO ROSSEVELT",Viernes,16:00:00,20:00:00
CF5F3,FISICA NUCLEAR Y DE PARTICULAS,A,Practica,zoom91,"AMORETTI VIDAL,  JESUS ESTEBAN",Lunes,18:00:00,21:00:00
CF5F3,FISICA NUCLEAR Y DE PARTICULAS,A,Teoria,zoom93,"AMORETTI VIDAL,  JESUS ESTEBAN",Miercoles,18:00:00,20:00:00
CF5F3,FISICA NUCLEAR Y DE PARTICULAS,A,Teoria,zoom165,"AMORETTI VIDAL,  JESUS ESTEBAN",Jueves,18:00:00,20:00:00
CF5F3,FISICA NUCLEAR Y DE PARTICULAS,A,Teoria,zoom152,"AMORETTI VIDAL,  JESUS ESTEBAN",Martes,18:00:00,20:00:00
CH033,METODOLOGIA DE LA INVESTIGACION CIENTIFICA,A,Practica,zoom157,"SEGOVIA JUAREZ,  JOSE LUIS",Martes,19:00:00,21:00:00
CH033,METODOLOGIA DE LA INVESTIGACION CIENTIFICA,A,Teoria,zoom157,"SEGOVIA JUAREZ,  JOSE LUIS",Martes,18:00:00,19:00:00
CH061,BIOLOGIA,A,Teoria,zoom24,"GARCIA AVELINO,  PILAR",Viernes,17:00:00,19:00:00
CH061,BIOLOGIA,A,Laboratorio,zoom383,"GARCIA AVELINO,  PILAR",Martes,10:00:00,12:00:00
CH061,BIOLOGIA,B,Teoria,zoom24,"GARCIA AVELINO,  PILAR",Viernes,17:00:00,19:00:00
CH061,BIOLOGIA,B,Laboratorio,zoom25,"GARCIA AVELINO,  PILAR",Miercoles,12:00:00,14:00:00
CL002,INGLES I,A,Laboratorio,zoom162,"CCAHUANCAMA TRUJILLO,  CYNTIA",Lunes,19:00:00,22:00:00
CL002,INGLES I,A,Teoria,zoom162,"CCAHUANCAMA TRUJILLO,  CYNTIA",Lunes,18:00:00,19:00:00
CL002,INGLES I,B,Teoria,zoom154,"CCAHUANCAMA TRUJILLO,  CYNTIA",Martes,18:00:00,20:00:00
CL002,INGLES I,B,Laboratorio,zoom154,"CCAHUANCAMA TRUJILLO,  CYNTIA",Martes,20:00:00,22:00:00
CL002,INGLES I,C,Teoria,zoom157,"CCAHUANCAMA TRUJILLO,  CYNTIA",Miercoles,18:00:00,19:00:00
CL002,INGLES I,C,Laboratorio,zoom157,"CCAHUANCAMA TRUJILLO,  CYNTIA",Miercoles,19:00:00,22:00:00
CL002,INGLES I,D,Teoria,zoom89,"CCAHUANCAMA TRUJILLO,  CYNTIA",Jueves,13:00:00,14:00:00
CL002,INGLES I,D,Laboratorio,zoom89,"CCAHUANCAMA TRUJILLO,  CYNTIA",Jueves,14:00:00,17:00:00
CM039,ANALISIS ITERATIVOS MATRICIALES,A,Practica,zoom155,"JARA HUANCA,  FIDEL",Lunes,20:00:00,22:00:00
CM039,ANALISIS ITERATIVOS MATRICIALES,A,Teoria,zoom70,"ECHEGARAY CASTILLO,  WILLIAM CARLOS",Martes,18:00:00,20:00:00
CM039,ANALISIS ITERATIVOS MATRICIALES,A,Teoria,zoom25,"ECHEGARAY CASTILLO,  WILLIAM CARLOS",Jueves,18:00:00,20:00:00
CM090,INTRODUCCION A LOS ELEMENTOS FINITOS,A,Practica,zoom89,"MUNGUIA LA COTERA,  JONATHAN ALFREDO",Jueves,17:00:00,19:00:00
CM090,INTRODUCCION A LOS ELEMENTOS FINITOS,A,Teoria,zoom25,"MUNGUIA LA COTERA,  JONATHAN ALFREDO",Martes,16:00:00,19:00:00
CM090,INTRODUCCION A LOS ELEMENTOS FINITOS,A,Teoria,zoom155,"MUNGUIA LA COTERA,  JONATHAN ALFREDO",Jueves,16:00:00,17:00:00
CM1A2,LOGICA Y TEORIA DE CONJUNTOS,A,Practica,zoom162,"LA ROSA OBANDO,  LAURA BETZABE",Lunes,14:00:00,16:00:00
CM1A2,LOGICA Y TEORIA DE CONJUNTOS,A,Teoria,zoom89,"LA ROSA OBANDO,  LAURA BETZABE",Sabado,8:00:00,12:00:00
CM1B2,ALGEBRA LINEAL I,A,Practica,zoom23,"NAVARRO ROJAS,  FRANK",Miercoles,8:00:00,10:00:00
CM1B2,ALGEBRA LINEAL I,A,Teoria,zoom24,"NAVARRO ROJAS,  FRANK",Martes,10:00:00,12:00:00
CM1B2,ALGEBRA LINEAL I,A,Teoria,zoom89,"NAVARRO ROJAS,  FRANK",Jueves,10:00:00,12:00:00
CM1B2,ALGEBRA LINEAL I,B,Teoria,zoom158,"PANIZO GARCIA,  GONZALO",Jueves,17:00:00,19:00:00
CM1B2,ALGEBRA LINEAL I,B,Teoria,zoom90,"PANIZO GARCIA,  GONZALO",Martes,17:00:00,19:00:00
CM1B2,ALGEBRA LINEAL I,B,Practica,zoom157,"CAYTUIRO SANDOVAL,  DAVID PAUL",Miercoles,8:00:00,10:00:00
CM1B2,ALGEBRA LINEAL I,C,Practica,zoom153,"PALACIOS BALDEON,  JOE ALBINO",Miercoles,8:00:00,10:00:00
CM1B2,ALGEBRA LINEAL I,C,Teoria,zoom23,"ARCE FLORES,  JACK",Miercoles,18:00:00,20:00:00
CM1B2,ALGEBRA LINEAL I,C,Teoria,zoom25,"ARCE FLORES,  JACK",Lunes,18:00:00,20:00:00
CM1H2,CALCULO DE PROBABILIDADES,A,Practica,zoom70,"ZAMUDIO PEVES,  JOSE FERNANDO",Lunes,12:00:00,14:00:00
CM1H2,CALCULO DE PROBABILIDADES,A,Teoria,zoom69,"ZAMUDIO PEVES,  JOSE FERNANDO",Martes,14:00:00,16:00:00
CM1H2,CALCULO DE PROBABILIDADES,B,Practica,zoom89,"MUNGUIA LA COTERA,  JONATHAN ALFREDO",Lunes,12:00:00,14:00:00
CM1H2,CALCULO DE PROBABILIDADES,B,Teoria,zoom90,"MUNGUIA LA COTERA,  JONATHAN ALFREDO",Jueves,10:00:00,12:00:00
CM1H2,CALCULO DE PROBABILIDADES,C,Practica,zoom90,"NAVARRO HUAMANI,  LUIS ALBERTO",Lunes,12:00:00,14:00:00
CM1H2,CALCULO DE PROBABILIDADES,C,Teoria,zoom23,"NAVARRO HUAMANI,  LUIS ALBERTO",Miercoles,16:00:00,18:00:00
CM2A1,CALCULO DIFERENCIAL E INTEGRAL AVANZADO,A,Practica,zoom163,"SULCA CHIPANA,  JORGE JOEL",Jueves,8:00:00,10:00:00
CM2A1,CALCULO DIFERENCIAL E INTEGRAL AVANZADO,A,Teoria,zoom69,"QUIÑONES ROBLES,  MARCO ERNESTO",Sabado,10:00:00,12:00:00
CM2A1,CALCULO DIFERENCIAL E INTEGRAL AVANZADO,A,Practica,zoom24,"ZAMUDIO PEVES,  JOSE FERNANDO",Martes,8:00:00,10:00:00
CM2A1,CALCULO DIFERENCIAL E INTEGRAL AVANZADO,A,Teoria,zoom22,"QUIÑONES ROBLES,  MARCO ERNESTO",Lunes,10:00:00,12:00:00
CM2A1,CALCULO DIFERENCIAL E INTEGRAL AVANZADO,A,Teoria,zoom22,"QUIÑONES ROBLES,  MARCO ERNESTO",Miercoles,10:00:00,12:00:00
CM2A1,CALCULO DIFERENCIAL E INTEGRAL AVANZADO,B,Teoria,zoom161,"JARA HUANCA,  FIDEL",Sabado,8:00:00,10:00:00
CM2A1,CALCULO DIFERENCIAL E INTEGRAL AVANZADO,B,Practica,zoom22,"OSTOS CORDERO,  BENITO LEONARDO",Miercoles,18:00:00,20:00:00
CM2A1,CALCULO DIFERENCIAL E INTEGRAL AVANZADO,B,Teoria,zoom22,"JARA HUANCA,  FIDEL",Viernes,10:00:00,12:00:00
CM2A1,CALCULO DIFERENCIAL E INTEGRAL AVANZADO,B,Teoria,zoom161,"JARA HUANCA,  FIDEL",Jueves,8:00:00,10:00:00
CM2A1,CALCULO DIFERENCIAL E INTEGRAL AVANZADO,B,Practica,zoom25,"PAREDES SORIA,  LEOPOLDO",Martes,8:00:00,10:00:00
CM2A1,CALCULO DIFERENCIAL E INTEGRAL AVANZADO,C,Teoria,zoom164,"SULCA CHIPANA,  JORGE JOEL",Miercoles,14:00:00,16:00:00
CM2A1,CALCULO DIFERENCIAL E INTEGRAL AVANZADO,C,Practica,zoom89,"SULCA CHIPANA,  JORGE JOEL",Martes,8:00:00,10:00:00
CM2A1,CALCULO DIFERENCIAL E INTEGRAL AVANZADO,C,Teoria,zoom92,"SULCA CHIPANA,  JORGE JOEL",Viernes,18:00:00,20:00:00
CM2A1,CALCULO DIFERENCIAL E INTEGRAL AVANZADO,C,Teoria,zoom164,"SULCA CHIPANA,  JORGE JOEL",Lunes,14:00:00,16:00:00
CM2A1,CALCULO DIFERENCIAL E INTEGRAL AVANZADO,C,Practica,zoom91,"ABANTO SILVA,  DIMAS PERCY",Viernes,14:00:00,16:00:00
CM2A1,CALCULO DIFERENCIAL E INTEGRAL AVANZADO,D,Teoria,zoom161,"PAREDES SORIA,  LEOPOLDO",Viernes,16:00:00,18:00:00
CM2A1,CALCULO DIFERENCIAL E INTEGRAL AVANZADO,D,Practica,zoom90,"ORE ALBORNOZ,  ERNESTO",Martes,8:00:00,10:00:00
CM2A1,CALCULO DIFERENCIAL E INTEGRAL AVANZADO,D,Teoria,zoom161,"PAREDES SORIA,  LEOPOLDO",Jueves,16:00:00,18:00:00
CM2A1,CALCULO DIFERENCIAL E INTEGRAL AVANZADO,D,Practica,zoom90,"JARA HUANCA,  FIDEL",Miercoles,8:00:00,10:00:00
CM2A1,CALCULO DIFERENCIAL E INTEGRAL AVANZADO,D,Teoria,zoom161,"PAREDES SORIA,  LEOPOLDO",Miercoles,16:00:00,18:00:00
CM2A2,ANALISIS REAL,A,Practica,zoom90,"VILLANUEVA SANTOS,  FELIX RICARDO",Miercoles,16:00:00,18:00:00
CM2A2,ANALISIS REAL,A,Teoria,zoom153,"CERNADES GOMEZ,  JESÚS",Martes,8:00:00,10:00:00
CM2A2,ANALISIS REAL,A,Teoria,zoom23,"CERNADES GOMEZ,  JESÚS",Jueves,8:00:00,10:00:00
CM2A2,ANALISIS REAL,A,Practica,zoom163,"SULCA CHIPANA,  JORGE JOEL",Martes,20:00:00,22:00:00
CM2A2,ANALISIS REAL,A,Teoria,zoom25,"CERNADES GOMEZ,  JESÚS",Sabado,8:00:00,10:00:00
CM2A2,ANALISIS REAL,B,Practica,zoom162,"OSTOS CORDERO,  BENITO LEONARDO",Miercoles,8:00:00,10:00:00
CM2A2,ANALISIS REAL,B,Practica,zoom164,"OSTOS CORDERO,  BENITO LEONARDO",Martes,20:00:00,22:00:00
CM2A2,ANALISIS REAL,B,Teoria,zoom152,"QUIÑONES ROBLES,  MARCO ERNESTO",Martes,8:00:00,10:00:00
CM2A2,ANALISIS REAL,B,Teoria,zoom69,"QUIÑONES ROBLES,  MARCO ERNESTO",Sabado,8:00:00,10:00:00
CM2A2,ANALISIS REAL,B,Teoria,zoom90,"QUIÑONES ROBLES,  MARCO ERNESTO",Jueves,8:00:00,10:00:00
CM2B1,ALGEBRA LINEAL II,A,Practica,zoom157,"ACUÑA ORTEGA,  RICHARD FLAVIO",Viernes,12:00:00,14:00:00
CM2B1,ALGEBRA LINEAL II,A,Teoria,zoom153,"PALACIOS BALDEON,  JOE ALBINO",Martes,10:00:00,12:00:00
CM2B1,ALGEBRA LINEAL II,A,Teoria,zoom23,"PALACIOS BALDEON,  JOE ALBINO",Jueves,10:00:00,12:00:00
CM2F1,PROGRAMACION ESTRUCTURADA,A,Teoria,zoom155,"ROCA GALINDO,  LUIS RODOLFO",Miercoles,14:00:00,16:00:00
CM2F1,PROGRAMACION ESTRUCTURADA,A,Laboratorio,zoom163,"PEREZ CUPE,  ROSULO HILARION",Jueves,12:00:00,14:00:00
CM2F1,PROGRAMACION ESTRUCTURADA,A,Laboratorio,zoom89,"PEREZ CUPE,  ROSULO HILARION",Martes,12:00:00,14:00:00
CM2F2,PROCESADOR DE TEXTO Y PROGRAMACION,A,Laboratorio,zoom165,"CRIBILLERO ACHING,  JUAN AURELIO",Viernes,20:00:00,22:00:00
CM2F2,PROCESADOR DE TEXTO Y PROGRAMACION,A,Teoria,zoom157,"CRIBILLERO ACHING,  JUAN AURELIO",Lunes,12:00:00,14:00:00
CM2F2,PROCESADOR DE TEXTO Y PROGRAMACION,A,Laboratorio,zoom90,"CRIBILLERO ACHING,  JUAN AURELIO",Miercoles,20:00:00,22:00:00
CM2G2,INTRODUCCION A LAS ECUACIONES DIFERENCIALES ORDINARIAS,A,Practica,zoom23,"CHULLUNCUY CENTENO,  ANDRES VICENTE",Jueves,18:00:00,20:00:00
CM2G2,INTRODUCCION A LAS ECUACIONES DIFERENCIALES ORDINARIAS,A,Teoria,zoom70,"MANTILLA NUÑEZ,  IRLA DORALIZA",Martes,14:00:00,16:00:00
CM2G2,INTRODUCCION A LAS ECUACIONES DIFERENCIALES ORDINARIAS,A,Teoria,zoom23,"MANTILLA NUÑEZ,  IRLA DORALIZA",Lunes,14:00:00,16:00:00
CM2H1,MATEMATICA DISCRETA,A,Practica,zoom92,"MAS HUAMAN,  RONALD JESUS",Sabado,12:00:00,14:00:00
CM2H1,MATEMATICA DISCRETA,A,Teoria,zoom159,"MAS HUAMAN,  RONALD JESUS",Viernes,16:00:00,18:00:00
CM2H1,MATEMATICA DISCRETA,A,Teoria,zoom92,"MAS HUAMAN,  RONALD JESUS",Miercoles,16:00:00,18:00:00
CM2H1,MATEMATICA DISCRETA,B,Practica,zoom89,"MAYTA GUILLERMO,  JORGE ENRIQUE",Sabado,12:00:00,14:00:00
CM2H1,MATEMATICA DISCRETA,B,Teoria,zoom91,"MAYTA GUILLERMO,  JORGE ENRIQUE",Martes,10:00:00,12:00:00
CM2H1,MATEMATICA DISCRETA,B,Teoria,zoom163,"MAYTA GUILLERMO,  JORGE ENRIQUE",Jueves,10:00:00,12:00:00
CM2H2,ESTADISTICA INFERENCIAL,A,Teoria,zoom153,"ZAMUDIO PEVES,  JOSE FERNANDO",Martes,16:00:00,18:00:00
CM2H2,ESTADISTICA INFERENCIAL,A,Laboratorio,zoom156,"ZAMUDIO PEVES,  JOSE FERNANDO",Jueves,14:00:00,16:00:00
CM2H2,ESTADISTICA INFERENCIAL,B,Laboratorio,zoom155,"UGARTE CHAMORRO,  JOSE LUIS",Jueves,14:00:00,16:00:00
CM2H2,ESTADISTICA INFERENCIAL,B,Teoria,zoom90,"UGARTE CHAMORRO,  JOSE LUIS",Martes,10:00:00,12:00:00
CM2I2,ESTRUCTURAS ALGEBRAICAS,A,Practica,zoom24,"MAS HUAMAN,  RONALD JESUS",Lunes,18:00:00,20:00:00
CM2I2,ESTRUCTURAS ALGEBRAICAS,A,Teoria,zoom164,"MAS HUAMAN,  RONALD JESUS",Viernes,18:00:00,20:00:00
CM2I2,ESTRUCTURAS ALGEBRAICAS,A,Teoria,zoom161,"MAS HUAMAN,  RONALD JESUS",Miercoles,18:00:00,20:00:00
CM3A1,ANALISIS COMPLEJO,A,Practica,zoom69,"VELASQUEZ CASTAÑON,  OSWALDO JOSE",Lunes,8:00:00,10:00:00
CM3A1,ANALISIS COMPLEJO,A,Teoria,zoom91,"VELASQUEZ CASTAÑON,  OSWALDO JOSE",Jueves,10:00:00,12:00:00
CM3A1,ANALISIS COMPLEJO,A,Teoria,zoom70,"VELASQUEZ CASTAÑON,  OSWALDO JOSE",Martes,10:00:00,12:00:00
CM3C1,ANALISIS EN RN,A,Practica,zoom159,"HIDALGO GORDILLO,  ALEJANDRO EDUARDO",Miercoles,13:00:00,16:00:00
CM3C1,ANALISIS EN RN,A,Teoria,zoom162,"VILLANUEVA SANTOS,  FELIX RICARDO",Lunes,16:00:00,18:00:00
CM3C1,ANALISIS EN RN,A,Teoria,zoom91,"VILLANUEVA SANTOS,  FELIX RICARDO",Viernes,16:00:00,18:00:00
CM3C2,TEORIA DE LA MEDIDA,A,Teoria,zoom157,"ECHEGARAY CASTILLO,  WILLIAM CARLOS",Lunes,14:00:00,16:00:00
CM3C2,TEORIA DE LA MEDIDA,A,Practica,zoom24,"ESCALANTE DEL ÁGUILA,  SEGUNDO FÉLIX",Lunes,12:00:00,14:00:00
CM3C2,TEORIA DE LA MEDIDA,A,Teoria,zoom25,"ECHEGARAY CASTILLO,  WILLIAM CARLOS",Miercoles,16:00:00,18:00:00
CM3E2,ANALISIS CONVEXO,A,Teoria,zoom92,"OCAÑA ANAYA,  ELADIO TEOFILO",Martes,16:00:00,18:00:00
CM3E2,ANALISIS CONVEXO,A,Teoria,zoom23,"OCAÑA ANAYA,  ELADIO TEOFILO",Jueves,16:00:00,18:00:00
CM3E2,ANALISIS CONVEXO,A,Practica,zoom22,"NAVARRO ROJAS,  FRANK",Viernes,16:00:00,18:00:00
CM3G2,ECUACIONES DIFERENCIALES ORDINARIAS I,A,Teoria,zoom383,"VILLAVICENCIO FERNANDEZ,  HELMUTH",Miercoles,7:00:00,9:00:00
CM3G2,ECUACIONES DIFERENCIALES ORDINARIAS I,A,Practica,zoom23,"CHULLUNCUY CENTENO,  ANDRES VICENTE",Viernes,20:00:00,22:00:00
CM3G2,ECUACIONES DIFERENCIALES ORDINARIAS I,A,Teoria,zoom70,"VILLAVICENCIO FERNANDEZ,  HELMUTH",Sabado,7:00:00,9:00:00
CM3I1,TEORIA LOCAL DE SUPERFICIES,A,Practica,zoom22,"ABANTO SILVA,  DIMAS PERCY",Sabado,10:00:00,12:00:00
CM3I1,TEORIA LOCAL DE SUPERFICIES,A,Teoria,zoom70,"ABANTO SILVA,  DIMAS PERCY",Lunes,10:00:00,12:00:00
CM3I1,TEORIA LOCAL DE SUPERFICIES,A,Teoria,zoom90,"ABANTO SILVA,  DIMAS PERCY",Miercoles,10:00:00,12:00:00
CM3I2,TOPOLOGIA,A,Teoria,zoom22,"GUIMARAY HUERTA,  HECTOR CARLOS",Viernes,8:00:00,10:00:00
CM3I2,TOPOLOGIA,A,Practica,zoom24,"VILLANUEVA SANTOS,  FELIX RICARDO",Viernes,14:00:00,16:00:00
CM3I2,TOPOLOGIA,A,Teoria,zoom24,"GUIMARAY HUERTA,  HECTOR CARLOS",Martes,12:00:00,14:00:00
CM4C1,ANALISIS FUNCIONAL I,A,Teoria,zoom89,"TORIBIO CANGANA,  MANUEL TEODOSIO",Martes,10:00:00,12:00:00
CM4C1,ANALISIS FUNCIONAL I,A,Practica,zoom157,"TORIBIO CANGANA,  MANUEL TEODOSIO",Viernes,10:00:00,12:00:00
CM4C1,ANALISIS FUNCIONAL I,A,Teoria,zoom24,"TORIBIO CANGANA,  MANUEL TEODOSIO",Jueves,10:00:00,12:00:00
CM4C2,ANALISIS FUNCIONAL II,A,Teoria,zoom24,"GUIMARAY HUERTA,  HECTOR CARLOS",Miercoles,8:00:00,10:00:00
CM4C2,ANALISIS FUNCIONAL II,A,Practica,zoom161,"PALACIOS BALDEON,  JOE ALBINO",Lunes,14:00:00,16:00:00
CM4C2,ANALISIS FUNCIONAL II,A,Teoria,zoom159,"GUIMARAY HUERTA,  HECTOR CARLOS",Lunes,8:00:00,10:00:00
CM4D2,PROYECTO DE TESIS I,A,Teoria,zoom157,"OCAÑA ANAYA,  ELADIO TEOFILO",Sabado,20:00:00,22:00:00
CM4E1,PROGRAMACION LINEAL Y FLUJO EN REDES,A,Teoria,zoom162,"FLORES LUYO,  LUIS ERNESTO",Jueves,8:00:00,10:00:00
CM4E1,PROGRAMACION LINEAL Y FLUJO EN REDES,A,Practica,zoom22,"ORE ALBORNOZ,  ERNESTO",Lunes,18:00:00,20:00:00
CM4E1,PROGRAMACION LINEAL Y FLUJO EN REDES,A,Teoria,zoom161,"FLORES LUYO,  LUIS ERNESTO",Martes,8:00:00,10:00:00
CM4E2,PROGRAMACION NO LINEAL,A,Teoria,zoom70,"CERNADES GOMEZ,  JESÚS",Lunes,18:00:00,20:00:00
CM4E2,PROGRAMACION NO LINEAL,A,Teoria,zoom165,"CERNADES GOMEZ,  JESÚS",Viernes,18:00:00,20:00:00
CM4E2,PROGRAMACION NO LINEAL,A,Practica,zoom24,"NAVARRO ROJAS,  FRANK",Viernes,12:00:00,14:00:00
CM4E2,PROGRAMACION NO LINEAL,A,Teoria,zoom25,"CERNADES GOMEZ,  JESÚS",Miercoles,18:00:00,20:00:00
CM4F1,ANALISIS Y MODELAMIENTO NUMERICO I,A,Teoria,zoom90,"ROCA GALINDO,  LUIS RODOLFO",Miercoles,18:00:00,20:00:00
CM4F1,ANALISIS Y MODELAMIENTO NUMERICO I,A,Practica,zoom162,"PAREDES SORIA,  LEOPOLDO",Miercoles,10:00:00,12:00:00
CM4F1,ANALISIS Y MODELAMIENTO NUMERICO I,A,Teoria,zoom22,"ROCA GALINDO,  LUIS RODOLFO",Viernes,18:00:00,20:00:00
CM4F1,ANALISIS Y MODELAMIENTO NUMERICO I,B,Practica,zoom89,"ORE ALBORNOZ,  ERNESTO",Miercoles,10:00:00,12:00:00
CM4F1,ANALISIS Y MODELAMIENTO NUMERICO I,B,Teoria,zoom25,"RAMIREZ GUTIERREZ,  ANGEL ENRIQUE",Jueves,16:00:00,18:00:00
CM4F1,ANALISIS Y MODELAMIENTO NUMERICO I,B,Teoria,zoom69,"RAMIREZ GUTIERREZ,  ANGEL ENRIQUE",Martes,16:00:00,18:00:00
CM4G2,ECUACIONES DIFERENCIALES PARCIALES I,A,Practica,zoom164,"MANTILLA NUÑEZ,  IRLA DORALIZA",Viernes,16:00:00,18:00:00
CM4G2,ECUACIONES DIFERENCIALES PARCIALES I,A,Teoria,zoom155,"MANTILLA NUÑEZ,  IRLA DORALIZA",Miercoles,16:00:00,18:00:00
CM4G2,ECUACIONES DIFERENCIALES PARCIALES I,A,Teoria,zoom157,"MANTILLA NUÑEZ,  IRLA DORALIZA",Lunes,16:00:00,18:00:00
CM4H1,TEORIA DE LA PROBABILIDAD,A,Practica,zoom70,"UGARTE CHAMORRO,  JOSE LUIS",Sabado,9:00:00,11:00:00
CM4H1,TEORIA DE LA PROBABILIDAD,A,Teoria,zoom153,"ECHEGARAY CASTILLO,  WILLIAM CARLOS",Martes,14:00:00,16:00:00
CM4H1,TEORIA DE LA PROBABILIDAD,A,Teoria,zoom24,"ECHEGARAY CASTILLO,  WILLIAM CARLOS",Jueves,14:00:00,16:00:00
CM5D1,PROYECTO DE TESIS II,A,Teoria,zoom158,"ORE ALBORNOZ,  ERNESTO",Sabado,20:00:00,22:00:00
CM5D2,PROYECTO DE TESIS III,A,Teoria,zoom159,"ARCE FLORES,  JACK",Domiengo,19:00:00,20:00:00
CM5F1,ANALISIS Y MODELAMIENTO NUMERICO II,A,Teoria,zoom92,"RAMIREZ GUTIERREZ,  ANGEL ENRIQUE",Martes,18:00:00,20:00:00
CM5F1,ANALISIS Y MODELAMIENTO NUMERICO II,A,Teoria,zoom93,"RAMIREZ GUTIERREZ,  ANGEL ENRIQUE",Jueves,18:00:00,20:00:00
CM5F1,ANALISIS Y MODELAMIENTO NUMERICO II,A,Practica,zoom90,"JARA HUANCA,  FIDEL",Viernes,14:00:00,16:00:00
CM5H1,INTRODUCCION A LOS PROCESOS ESTOCASTICOS,A,Teoria,zoom91,"UGARTE CHAMORRO,  JOSE LUIS",Martes,8:00:00,10:00:00
CM5H1,INTRODUCCION A LOS PROCESOS ESTOCASTICOS,A,Teoria,zoom91,"UGARTE CHAMORRO,  JOSE LUIS",Jueves,8:00:00,10:00:00
CM5H1,INTRODUCCION A LOS PROCESOS ESTOCASTICOS,A,Practica,zoom23,"UGARTE CHAMORRO,  JOSE LUIS",Viernes,8:00:00,10:00:00
CQ013,ELECTROQUIMICA APLICADA,A,Teoria,zoom157,"LA ROSA TORO GOMEZ,  ADOLFO",Viernes,14:00:00,16:00:00
CQ013,ELECTROQUIMICA APLICADA,A,Laboratorio,zoom163,"RUIZ MONTOYA,  JOSE GABRIEL",Martes,16:00:00,20:00:00
CQ013,ELECTROQUIMICA APLICADA,A,Teoria,zoom90,"LA ROSA TORO GOMEZ,  ADOLFO",Jueves,16:00:00,18:00:00
CQ037,QUIMICA BIOINORGANICA,A,Teoria,zoom164,"VALDERRAMA NEGRON,  ANA CECILIA",Jueves,16:00:00,18:00:00
CQ037,QUIMICA BIOINORGANICA,A,Laboratorio,zoom162,"PASTRANA ALTA,  ROXANA YESENIA",Miercoles,16:00:00,20:00:00
CQ037,QUIMICA BIOINORGANICA,A,Teoria,zoom156,"VALDERRAMA NEGRON,  ANA CECILIA",Martes,16:00:00,18:00:00
CQ063,CATALISIS QUIMICA,A,Teoria,zoom24,"PICASSO ESCOBAR,  GINO ITALO",Miercoles,12:00:00,14:00:00
CQ063,CATALISIS QUIMICA,A,Laboratorio,zoom155,"VEGA CHACON,  JAIME RICARDO",Viernes,10:00:00,14:00:00
CQ063,CATALISIS QUIMICA,A,Teoria,zoom157,"PICASSO ESCOBAR,  GINO ITALO",Martes,12:00:00,14:00:00
CQ085,QUIMIOMETRIA,A,Teoria,zoom24,"JACINTO HERNANDEZ,  CHRISTIAN",Martes,16:00:00,19:00:00
CQ085,QUIMIOMETRIA,A,Laboratorio,zoom160,"JACINTO HERNANDEZ,  CHRISTIAN",Jueves,18:00:00,21:00:00
CQ102,QUIMICA EXPERIMENTAL,A,Practica,zoom156,"BERETTA ENCISO,  JOSE GONZALO",Jueves,16:00:00,20:00:00
CQ132,QUIMICA CIENCIA Y TECNOLOGIA,A,Teoria,zoom89,"MORALES GOMERO,  JUAN CARLOS",Miercoles,16:00:00,18:00:00
CQ2E2,QUIMICA ANALITICA,A,Laboratorio,zoom160,"CCONISLLA BELLO,  JOSE LUIS",Miercoles,8:00:00,12:00:00
CQ2E2,QUIMICA ANALITICA,A,Teoria,zoom92,"LOPEZ PINO,  PATRICIA ROSARIO",Martes,10:00:00,12:00:00
CQ2E2,QUIMICA ANALITICA,A,Teoria,zoom93,"LOPEZ PINO,  PATRICIA ROSARIO",Viernes,10:00:00,12:00:00
CQ2E2,QUIMICA ANALITICA,B,Teoria,zoom93,"LOPEZ PINO,  PATRICIA ROSARIO",Viernes,10:00:00,12:00:00
CQ2E2,QUIMICA ANALITICA,B,Laboratorio,zoom92,"LOPEZ CISNEROS,  ROSARIO",Jueves,10:00:00,14:00:00
CQ2E2,QUIMICA ANALITICA,B,Teoria,zoom92,"LOPEZ PINO,  PATRICIA ROSARIO",Martes,10:00:00,12:00:00
CQ221,INTRODUCCION A LA ELECTRICIDAD Y MAGNETISMO,A,Practica,zoom155,"SALAZAR RODRIGUEZ,  ROBERTO",Martes,11:00:00,13:00:00
CQ221,INTRODUCCION A LA ELECTRICIDAD Y MAGNETISMO,A,Teoria,zoom161,"SALAZAR RODRIGUEZ,  ROBERTO",Miercoles,14:00:00,16:00:00
CQ221,INTRODUCCION A LA ELECTRICIDAD Y MAGNETISMO,A,Teoria,zoom69,"SALAZAR RODRIGUEZ,  ROBERTO",Viernes,12:00:00,14:00:00
CQ241,"ELEMENTOS QUIMICOS, PROPIEDADES Y APLICACIONES",A,Teoria,zoom161,"BERETTA ENCISO,  JOSE GONZALO",Martes,16:00:00,18:00:00
CQ241,"ELEMENTOS QUIMICOS, PROPIEDADES Y APLICACIONES",A,Teoria,zoom93,"BERETTA ENCISO,  JOSE GONZALO",Viernes,8:00:00,10:00:00
CQ241,"ELEMENTOS QUIMICOS, PROPIEDADES Y APLICACIONES",A,Laboratorio,zoom154,"PASTRANA ALTA,  ROXANA YESENIA",Miercoles,8:00:00,12:00:00
CQ242,ESTRUCTURA QUIMICA Y REACTIVIDAD,A,Teoria,zoom159,"CARLOS SALAZAR,  MAX JORGE",Viernes,8:00:00,10:00:00
CQ242,ESTRUCTURA QUIMICA Y REACTIVIDAD,A,Laboratorio,zoom155,"ALIAGA PAUCAR,  CHRISTIAN MELECIO",Viernes,14:00:00,18:00:00
CQ242,ESTRUCTURA QUIMICA Y REACTIVIDAD,A,Teoria,zoom160,"CARLOS SALAZAR,  MAX JORGE",Lunes,16:00:00,18:00:00
CQ261,"HIDROCARBUROS ALIFATICOS, ALCOHOLES Y DERIVADOS",A,Laboratorio,zoom70,"CONDOR CUYUBAMBA,  ELENA ALICIA",Lunes,14:00:00,18:00:00
CQ261,"HIDROCARBUROS ALIFATICOS, ALCOHOLES Y DERIVADOS",A,Teoria,zoom92,"REYNA PINEDO,  VICTOR MANUEL",Martes,8:00:00,10:00:00
CQ261,"HIDROCARBUROS ALIFATICOS, ALCOHOLES Y DERIVADOS",A,Teoria,zoom70,"REYNA PINEDO,  VICTOR MANUEL",Viernes,10:00:00,12:00:00
CQ262,COMPUESTOS CARBONILICOS Y AROMATICOS,A,Teoria,zoom165,"CONDOR CUYUBAMBA,  ELENA ALICIA",Martes,8:00:00,10:00:00
CQ262,COMPUESTOS CARBONILICOS Y AROMATICOS,A,Laboratorio,zoom160,"CONDOR CUYUBAMBA,  ELENA ALICIA",Lunes,8:00:00,12:00:00
CQ262,COMPUESTOS CARBONILICOS Y AROMATICOS,A,Teoria,zoom158,"CONDOR CUYUBAMBA,  ELENA ALICIA",Miercoles,13:00:00,15:00:00
CQ271,PRINCIPIOS DE FISICOQUIMICA,A,Laboratorio,zoom159,"FERNANDEZ AGUIRRE,  MARIBEL GABRIELA",Jueves,16:00:00,20:00:00
CQ271,PRINCIPIOS DE FISICOQUIMICA,A,Teoria,zoom160,"FERNANDEZ AGUIRRE,  MARIBEL GABRIELA",Jueves,12:00:00,14:00:00
CQ271,PRINCIPIOS DE FISICOQUIMICA,A,Teoria,zoom163,"FERNANDEZ AGUIRRE,  MARIBEL GABRIELA",Martes,14:00:00,16:00:00
CQ272,FUNDAMENTOS DE ELECTROQUIMICA,A,Teoria,zoom24,"BAENA MONCADA,  ANGELICA MARIA",Martes,14:00:00,16:00:00
CQ272,FUNDAMENTOS DE ELECTROQUIMICA,A,Teoria,zoom155,"BAENA MONCADA,  ANGELICA MARIA",Jueves,17:00:00,19:00:00
CQ272,FUNDAMENTOS DE ELECTROQUIMICA,A,Laboratorio,zoom154,"FERNANDEZ AGUIRRE,  MARIBEL GABRIELA",Miercoles,15:00:00,19:00:00
CQ300,METODOS NUMERICOS APLICADOS A LA QUIMICA,A,Teoria,zoom152,"ACUÑA ORTEGA,  RICHARD FLAVIO",Miercoles,14:00:00,15:00:00
CQ300,METODOS NUMERICOS APLICADOS A LA QUIMICA,A,Practica,zoom160,"ACUÑA ORTEGA,  RICHARD FLAVIO",Jueves,14:00:00,16:00:00
CQ300,METODOS NUMERICOS APLICADOS A LA QUIMICA,A,Teoria,zoom156,"ACUÑA ORTEGA,  RICHARD FLAVIO",Viernes,16:00:00,18:00:00
CQ301,QUIMICA DE COORDINACION,A,Laboratorio,zoom165,"GONTARUK COLLQUE,  HUGO CRISTHIAN",Miercoles,8:00:00,12:00:00
CQ301,QUIMICA DE COORDINACION,A,Teoria,zoom154,"VALDERRAMA NEGRON,  ANA CECILIA",Viernes,8:00:00,10:00:00
CQ301,QUIMICA DE COORDINACION,A,Teoria,zoom158,"VALDERRAMA NEGRON,  ANA CECILIA",Martes,14:00:00,16:00:00
CQ302,QUIMICA INORGANICA APLICADA,A,Teoria,zoom89,"GONTARUK COLLQUE,  HUGO CRISTHIAN",Viernes,8:00:00,10:00:00
CQ302,QUIMICA INORGANICA APLICADA,A,Teoria,zoom156,"GONTARUK COLLQUE,  HUGO CRISTHIAN",Martes,14:00:00,16:00:00
CQ302,QUIMICA INORGANICA APLICADA,A,Laboratorio,zoom158,"GONTARUK COLLQUE,  HUGO CRISTHIAN",Lunes,8:00:00,12:00:00
CQ361,"CARBOHIDRATOS, AMINOACIDOS Y HETEROCICLICOS",A,Teoria,zoom156,"FLORES GARCES,  JOSE AUGUSTO",Martes,8:00:00,10:00:00
CQ361,"CARBOHIDRATOS, AMINOACIDOS Y HETEROCICLICOS",A,Laboratorio,zoom93,"DURAND AGUILAR,  KORALI CAROLINA",Miercoles,14:00:00,18:00:00
CQ361,"CARBOHIDRATOS, AMINOACIDOS Y HETEROCICLICOS",A,Teoria,zoom70,"FLORES GARCES,  JOSE AUGUSTO",Jueves,12:00:00,14:00:00
CQ371,CINETICA QUIMICA Y FENOMENOS DE SUPERFICIE,A,Teoria,zoom160,"LOPEZ CISNEROS,  ROSARIO",Martes,11:00:00,13:00:00
CQ371,CINETICA QUIMICA Y FENOMENOS DE SUPERFICIE,A,Teoria,zoom159,"LOPEZ CISNEROS,  ROSARIO",Viernes,11:00:00,13:00:00
CQ371,CINETICA QUIMICA Y FENOMENOS DE SUPERFICIE,A,Laboratorio,zoom152,"DAMIAN BRIONES,  MARIA ANGELICA",Jueves,16:00:00,20:00:00
CQ372,QUIMICA DE COLOIDES Y NANOPARTICULAS,A,Teoria,zoom154,"DAMIAN BRIONES,  MARIA ANGELICA",Jueves,11:00:00,13:00:00
CQ372,QUIMICA DE COLOIDES Y NANOPARTICULAS,A,Laboratorio,zoom164,"DAMIAN BRIONES,  MARIA ANGELICA",Martes,8:00:00,10:00:00
CQ372,QUIMICA DE COLOIDES Y NANOPARTICULAS,A,Teoria,zoom154,"DAMIAN BRIONES,  MARIA ANGELICA",Martes,11:00:00,13:00:00
CQ381,TRATAMIENTO ESTADISTICO EN QUIMICA ANALITICA,A,Teoria,zoom161,"QUIROZ AGUINAGA,  ULISES",Martes,18:00:00,20:00:00
CQ381,TRATAMIENTO ESTADISTICO EN QUIMICA ANALITICA,A,Practica,zoom25,"QUIROZ AGUINAGA,  ULISES",Viernes,16:00:00,18:00:00
CQ382,TECNICAS ESPECTROSCOPICAS EN QUIMICA ANALITICA,A,Teoria,zoom161,"QUIROZ AGUINAGA,  ULISES",Viernes,14:00:00,16:00:00
CQ382,TECNICAS ESPECTROSCOPICAS EN QUIMICA ANALITICA,A,Teoria,zoom89,"QUIROZ AGUINAGA,  ULISES",Martes,20:00:00,22:00:00
CQ382,TECNICAS ESPECTROSCOPICAS EN QUIMICA ANALITICA,A,Laboratorio,zoom165,"CCONISLLA BELLO,  JOSE LUIS",Lunes,13:00:00,17:00:00
CQ392,IDENTIFICACION ESPECTROSCOPICA DE COMPUESTOS ORGANICOS,A,Laboratorio,zoom158,"TORPOCO CARMEN,  VIRGINIA ELIZABETH",Miercoles,15:00:00,18:00:00
CQ392,IDENTIFICACION ESPECTROSCOPICA DE COMPUESTOS ORGANICOS,A,Laboratorio,zoom159,"TORPOCO CARMEN,  VIRGINIA ELIZABETH",Jueves,8:00:00,11:00:00
CQ392,IDENTIFICACION ESPECTROSCOPICA DE COMPUESTOS ORGANICOS,A,Teoria,zoom155,"TORPOCO CARMEN,  VIRGINIA ELIZABETH",Miercoles,10:00:00,12:00:00
CQ392,IDENTIFICACION ESPECTROSCOPICA DE COMPUESTOS ORGANICOS,A,Teoria,zoom154,"TORPOCO CARMEN,  VIRGINIA ELIZABETH",Viernes,10:00:00,12:00:00
CQ4E1,QUIMICA CUANTICA,A,Teoria,zoom22,"CORZO LUCIONI,  ALBERTO",Miercoles,20:00:00,22:00:00
CQ4E1,QUIMICA CUANTICA,A,Teoria,zoom91,"CORZO LUCIONI,  ALBERTO",Jueves,16:00:00,18:00:00
CQ4E1,QUIMICA CUANTICA,A,Practica,zoom91,"CORZO LUCIONI,  ALBERTO",Jueves,18:00:00,20:00:00
CQ4E2,PROYECTO DE TESIS EN QUIMICA I,A,Teoria,zoom158,"PICASSO ESCOBAR,  GINO ITALO",Sabado,20:00:00,22:00:00
CQ401,MICROBIOLOGIA,A,Teoria,zoom163,"ZARRIA ROMERO,  JACQUELYNE YESENIA",Miercoles,14:00:00,16:00:00
CQ401,MICROBIOLOGIA,A,Laboratorio,zoom156,"ZARRIA ROMERO,  JACQUELYNE YESENIA",Viernes,14:00:00,16:00:00
CQ402,TECNICAS DE CARACTERIZACION DE MATERIALES,A,Teoria,zoom155,"MORALES GOMERO,  JUAN CARLOS",Jueves,20:00:00,22:00:00
CQ402,TECNICAS DE CARACTERIZACION DE MATERIALES,A,Practica,zoom90,"MORALES GOMERO,  JUAN CARLOS",Viernes,16:00:00,18:00:00
CQ431,QUIMICA Y GESTION AMBIENTAL,A,Teoria,zoom158,"LOPEZ PINO,  PATRICIA ROSARIO",Miercoles,11:00:00,13:00:00
CQ431,QUIMICA Y GESTION AMBIENTAL,A,Teoria,zoom159,"LOPEZ PINO,  PATRICIA ROSARIO",Martes,8:00:00,10:00:00
CQ431,QUIMICA Y GESTION AMBIENTAL,A,Practica,zoom93,"MAZA MEJIA,  ILY MARILU",Lunes,14:00:00,18:00:00
CQ461,SEMINARIO DE ELABORACION DE LA TESIS PROFESIONAL,A,Teoria,zoom70,"BAENA MONCADA,  ANGELICA MARIA",Miercoles,16:00:00,17:00:00
CQ461,SEMINARIO DE ELABORACION DE LA TESIS PROFESIONAL,A,Practica,zoom70,"BAENA MONCADA,  ANGELICA MARIA",Miercoles,17:00:00,19:00:00
CQ472,QUIMICA DE MATERIALES,A,Laboratorio,zoom23,"VEGA CHACON,  JAIME RICARDO",Lunes,16:00:00,20:00:00
CQ472,QUIMICA DE MATERIALES,A,Teoria,zoom158,"ALARCON CAVERO,  HUGO ARTURO",Martes,16:00:00,18:00:00
CQ472,QUIMICA DE MATERIALES,A,Teoria,zoom160,"ALARCON CAVERO,  HUGO ARTURO",Jueves,16:00:00,18:00:00
CQ482,GESTION DE LA CALIDAD DE LABORATORIOS,A,Teoria,zoom23,"CHANGANAQUI BARRIENTOS,  KATHERINA",Martes,18:00:00,20:00:00
CQ482,GESTION DE LA CALIDAD DE LABORATORIOS,A,Practica,zoom25,"CHANGANAQUI BARRIENTOS,  KATHERINA",Viernes,18:00:00,20:00:00
CQ491,TECNICAS ELECTROQUIMICAS Y CROMATOGRAFICAS EN QUIMICA ANALITICA,A,Teoria,zoom90,"JACINTO HERNANDEZ,  CHRISTIAN",Martes,14:00:00,16:00:00
CQ491,TECNICAS ELECTROQUIMICAS Y CROMATOGRAFICAS EN QUIMICA ANALITICA,A,Teoria,zoom70,"JACINTO HERNANDEZ,  CHRISTIAN",Jueves,10:00:00,12:00:00
CQ491,TECNICAS ELECTROQUIMICAS Y CROMATOGRAFICAS EN QUIMICA ANALITICA,A,Laboratorio,zoom156,"CCONISLLA BELLO,  JOSE LUIS",Lunes,8:00:00,12:00:00
CQ501,PROCESOS QUIMICOS INDUSTRIALES,A,Teoria,zoom89,"DAVILA INGARUCA,  MARCELINO EUSEBIO",Martes,17:00:00,19:00:00
CQ501,PROCESOS QUIMICOS INDUSTRIALES,A,Practica,zoom154,"DAVILA INGARUCA,  MARCELINO EUSEBIO",Viernes,13:00:00,15:00:00
CQ501,PROCESOS QUIMICOS INDUSTRIALES,A,Teoria,zoom160,"DAVILA INGARUCA,  MARCELINO EUSEBIO",Lunes,18:00:00,20:00:00
CQ511,DISEÑO ORGANIZACIONAL Y SEGURIDAD EN EL LABORATORIO,A,Teoria,zoom163,"CHANGANAQUI BARRIENTOS,  KATHERINA",Martes,10:00:00,12:00:00
CQ511,DISEÑO ORGANIZACIONAL Y SEGURIDAD EN EL LABORATORIO,A,Practica,zoom158,"CHANGANAQUI BARRIENTOS,  KATHERINA",Viernes,15:00:00,17:00:00
CQ541,PROYECTO DE TESIS EN QUIMICA II,A,Teoria,zoom158,"PICASSO ESCOBAR,  GINO ITALO",Sabado,20:00:00,22:00:00
CQ542,PROYECTO DE TESIS EN QUIMICA III,A,Teoria,zoom158,"PICASSO ESCOBAR,  GINO ITALO",Sabado,18:00:00,20:00:00
IFE19,TOPICOS ESPECIALES DE INGENIERIA FISICA,A,Teoria,ZOOM,"UGAZ PEÑA,  JOSÉ CARLOS",Miercoles,14:00:00,16:00:00
IFE19,TOPICOS ESPECIALES DE INGENIERIA FISICA,A,Practica,ZOOM,"UGAZ PEÑA,  JOSÉ CARLOS",Jueves,14:00:00,16:00:00
IFE19,TOPICOS ESPECIALES DE INGENIERIA FISICA,A,Teoria,ZOOM,"UGAZ PEÑA,  JOSÉ CARLOS",Lunes,14:00:00,16:00:00
IFE22,TOPICOS ESPECIALES DE INGENIERIA FISICA I,A,Practica,zoom157,"GARCIA AVELINO,  PILAR",Lunes,10:00:00,12:00:00
IFE22,TOPICOS ESPECIALES DE INGENIERIA FISICA I,A,Teoria,zoom328,"GARCIA AVELINO,  PILAR",Lunes,14:00:00,18:00:00
IFE28,TOPICOS ESPECIALES DE INGENIERIA FISICA VII,A,Teoria,zoom22,"GOMEZ LEON,  MONICA MARCELA",Sabado,7:00:00,8:00:00
IFE29,TOPICOS ESPECIALES DE INGENIERIA FISICA VIII,A,Laboratorio,zoom165,"LAURA CCAHUANA,  DÁMASO",Jueves,8:00:00,10:00:00
IFE29,TOPICOS ESPECIALES DE INGENIERIA FISICA VIII,A,Teoria,zoom23,"LAURA CCAHUANA,  DÁMASO",Martes,10:00:00,12:00:00
IF242,INTRODUCCION A LA METROLOGIA,A,Practica,zoom24,"PAUCARCHUCO MUZURRIETA,  CARLOS RAUL",Miercoles,16:00:00,19:00:00
IF242,INTRODUCCION A LA METROLOGIA,A,Teoria,zoom165,"DIAZ ROSADO,  JOSE CARLOS",Jueves,10:00:00,12:00:00
IF252,METODOS MATEMATICOS PARA INGENIERIA,A,Teoria,zoom90,"DIAZ ROSADO,  JOSE CARLOS",Sabado,16:00:00,18:00:00
IF252,METODOS MATEMATICOS PARA INGENIERIA,A,Practica,zoom157,"DIAZ ROSADO,  JOSE CARLOS",Jueves,14:00:00,18:00:00
IF252,METODOS MATEMATICOS PARA INGENIERIA,A,Teoria,zoom158,"DIAZ ROSADO,  JOSE CARLOS",Lunes,16:00:00,18:00:00
IF252,METODOS MATEMATICOS PARA INGENIERIA,A,Teoria,zoom163,"DIAZ ROSADO,  JOSE CARLOS",Miercoles,18:00:00,20:00:00
IF281,DIBUJO Y DISEÑO PARA INGENIERIA,A,Teoria,zoom156,"HUAMANI HUARANJA,  DANIEL",Lunes,17:00:00,19:00:00
IF281,DIBUJO Y DISEÑO PARA INGENIERIA,A,Practica,zoom70,"HUAMANI HUARANJA,  DANIEL",Viernes,16:00:00,20:00:00
IF281,DIBUJO Y DISEÑO PARA INGENIERIA,B,Practica,zoom159,"HUANCA LOZA,  HENRY RENE",Sabado,8:00:00,12:00:00
IF281,DIBUJO Y DISEÑO PARA INGENIERIA,B,Teoria,zoom93,"HUANCA LOZA,  HENRY RENE",Martes,10:00:00,12:00:00
IF292,INGENIERIA DE PROCESOS MECANICOS,A,Practica,zoom152,"HUANCA LOZA,  HENRY RENE",Miercoles,10:00:00,13:00:00
IF292,INGENIERIA DE PROCESOS MECANICOS,A,Teoria,zoom152,"HUANCA LOZA,  HENRY RENE",Miercoles,8:00:00,9:00:00
IF294,INGENIERIA DE INSTALACIONES INDUSTRIALES,A,Practica,zoom165,"ROJAS ESTELA,  OSWALDO",Lunes,9:00:00,12:00:00
IF294,INGENIERIA DE INSTALACIONES INDUSTRIALES,A,Teoria,zoom165,"ROJAS ESTELA,  OSWALDO",Lunes,8:00:00,9:00:00
IF3A2,INGENIERIA ECONOMICA,A,Teoria,zoom70,"CERVANTES GRUNDY,  CARLOS JAIME",Jueves,8:00:00,10:00:00
IF3B2,PROCESAMIENTO DE SEÑALES Y DATOS,A,Laboratorio,zoom158,"SANCHEZ RODAS,  LUIS ALBERTO",Miercoles,8:00:00,11:00:00
IF3B2,PROCESAMIENTO DE SEÑALES Y DATOS,A,Teoria,zoom164,"COMINA BELLIDO,  GERMAN YURI",Lunes,16:00:00,18:00:00
IF321,CALCULO NUMERICO I,A,Laboratorio,zoom152,"LAURA CCAHUANA,  DÁMASO",Lunes,12:00:00,16:00:00
IF321,CALCULO NUMERICO I,A,Teoria,zoom162,"LAURA CCAHUANA,  DÁMASO",Miercoles,14:00:00,16:00:00
IF321,CALCULO NUMERICO I,A,Teoria,zoom70,"LAURA CCAHUANA,  DÁMASO",Viernes,14:00:00,16:00:00
IF325,FISICA TERMICA II,A,Practica,zoom23,"HUAMAN AGUIRRE,  ARNOLD ANTHONY",Martes,16:00:00,18:00:00
IF325,FISICA TERMICA II,A,Teoria,zoom162,"QUINTANA CACEDA,  MARIA",Jueves,14:00:00,16:00:00
IF352,FISICA TERMICA I,A,Practica,zoom154,"ESTRADA LÓPEZ,  WALTER FRANCISCO",Jueves,14:00:00,16:00:00
IF352,FISICA TERMICA I,A,Teoria,zoom163,"QUINTANA CACEDA,  MARIA",Miercoles,16:00:00,18:00:00
IF352,FISICA TERMICA I,A,Teoria,zoom90,"QUINTANA CACEDA,  MARIA",Lunes,14:00:00,16:00:00
IF372,ELECTROMAGNETISMO PARA INGENIERIA,A,Practica,zoom160,"SANCHEZ RODAS,  LUIS ALBERTO",Martes,16:00:00,18:00:00
IF372,ELECTROMAGNETISMO PARA INGENIERIA,A,Teoria,zoom22,"PEREZ COLLANTES,  RAFAEL DIEGO",Miercoles,14:00:00,16:00:00
IF372,ELECTROMAGNETISMO PARA INGENIERIA,A,Teoria,zoom152,"PEREZ COLLANTES,  RAFAEL DIEGO",Lunes,8:00:00,10:00:00
IF392,CALCULO NUMERICO II,A,Practica,zoom156,"SOLANO SALINAS,  CARLOS JAVIER",Jueves,10:00:00,13:00:00
IF392,CALCULO NUMERICO II,A,Teoria,zoom160,"SOLANO SALINAS,  CARLOS JAVIER",Martes,13:00:00,16:00:00
IF4A1,MECANICA DE FLUIDOS,A,Teoria,zoom91,"PAUCARCHUCO MUZURRIETA,  CARLOS RAUL",Sabado,15:00:00,17:00:00
IF4A1,MECANICA DE FLUIDOS,A,Practica,zoom91,"PAUCARCHUCO MUZURRIETA,  CARLOS RAUL",Sabado,17:00:00,18:00:00
IF4A2,PROYECTO DE TESIS I,A,Laboratorio,zoom158,"RODRIGUEZ RODRIGUEZ,  JUAN MARTIN",Sabado,14:00:00,18:00:00
IF4A2,PROYECTO DE TESIS I,A,Teoria,zoom163,"ESTRADA LÓPEZ,  WALTER FRANCISCO",Martes,8:00:00,10:00:00
IF4B1,METODOLOGIA DE LA INVESTIGACION CIENTIFICA,A,Practica,zoom160,"DIAZ ROSADO,  JOSE CARLOS",Martes,21:00:00,22:00:00
IF4B1,METODOLOGIA DE LA INVESTIGACION CIENTIFICA,A,Teoria,zoom160,"DIAZ ROSADO,  JOSE CARLOS",Martes,19:00:00,21:00:00
IF411,MECANICA CUANTICA,A,Teoria,zoom89,"PEREZ COLLANTES,  RAFAEL DIEGO",Viernes,12:00:00,15:00:00
IF411,MECANICA CUANTICA,A,Teoria,zoom154,"PEREZ COLLANTES,  RAFAEL DIEGO",Lunes,10:00:00,13:00:00
IF411,MECANICA CUANTICA,A,Practica,zoom92,"HUAMANI HUARANJA,  DANIEL",Jueves,16:00:00,19:00:00
IF462,TEORIA DE CONTROL,A,Teoria,zoom92,"SANCHEZ RODAS,  LUIS ALBERTO",Jueves,14:00:00,16:00:00
IF462,TEORIA DE CONTROL,A,Practica,zoom156,"SANCHEZ RODAS,  LUIS ALBERTO",Miercoles,16:00:00,18:00:00
IF462,TEORIA DE CONTROL,A,Teoria,zoom159,"SANCHEZ RODAS,  LUIS ALBERTO",Lunes,16:00:00,18:00:00
IF471,SISTEMAS DIGITALES,A,Teoria,zoom69,"CASTILLO OCAÑA,  GUIDO JUVENAL",Lunes,14:00:00,15:00:00
IF471,SISTEMAS DIGITALES,A,Laboratorio,zoom331,"CASTILLO OCAÑA,  GUIDO JUVENAL",Miercoles,14:00:00,18:00:00
IF471,SISTEMAS DIGITALES,A,Laboratorio,zoom69,"CASTILLO OCAÑA,  GUIDO JUVENAL",Lunes,15:00:00,18:00:00
IF471,SISTEMAS DIGITALES,B,Laboratorio,zoom331,"CASTILLO OCAÑA,  GUIDO JUVENAL",Miercoles,9:00:00,12:00:00
IF471,SISTEMAS DIGITALES,B,Teoria,zoom331,"CASTILLO OCAÑA,  GUIDO JUVENAL",Miercoles,8:00:00,9:00:00
IF471,SISTEMAS DIGITALES,B,Laboratorio,zoom90,"HUANCA LOZA,  HENRY RENE",Viernes,8:00:00,12:00:00
IF471,SISTEMAS DIGITALES,B,Laboratorio,zoom25,"CASTILLO OCAÑA,  GUIDO JUVENAL",Viernes,8:00:00,12:00:00
IF482,INTRODUCCION A LA CIENCIA E INGENIERIA DE LOS MATERIALES,A,Teoria,zoom159,"SOLIS VELIZ,  JOSÉ LUIS",Miercoles,8:00:00,10:00:00
IF482,INTRODUCCION A LA CIENCIA E INGENIERIA DE LOS MATERIALES,A,Practica,zoom158,"HUANCA LOZA,  HENRY RENE",Martes,12:00:00,14:00:00
IF482,INTRODUCCION A LA CIENCIA E INGENIERIA DE LOS MATERIALES,A,Teoria,zoom156,"SOLIS VELIZ,  JOSÉ LUIS",Jueves,8:00:00,10:00:00
IF492,INGENIERIA SOLAR,A,Practica,zoom159,"ROJAS ESTELA,  OSWALDO",Jueves,11:00:00,13:00:00
IF492,INGENIERIA SOLAR,A,Teoria,zoom93,"GOMEZ LEON,  MONICA MARCELA",Miercoles,10:00:00,12:00:00
IF492,INGENIERIA SOLAR,A,Teoria,zoom155,"GOMEZ LEON,  MONICA MARCELA",Lunes,10:00:00,12:00:00
IF511,PROYECTO DE INSTRUMENTACION ELECTRONICA,A,Practica,zoom156,"HUAMAN AGUIRRE,  ARNOLD ANTHONY",Viernes,10:00:00,11:00:00
IF511,PROYECTO DE INSTRUMENTACION ELECTRONICA,A,Practica,zoom156,"COMINA BELLIDO,  GERMAN YURI",Viernes,11:00:00,12:00:00
IF511,PROYECTO DE INSTRUMENTACION ELECTRONICA,A,Practica,zoom69,"ROJAS ESTELA,  OSWALDO",Miercoles,8:00:00,10:00:00
IF511,PROYECTO DE INSTRUMENTACION ELECTRONICA,A,Practica,zoom156,"COMINA BELLIDO,  GERMAN YURI",Viernes,8:00:00,10:00:00
IF511,PROYECTO DE INSTRUMENTACION ELECTRONICA,A,Teoria,zoom69,"COMINA BELLIDO,  GERMAN YURI",Miercoles,10:00:00,12:00:00
IF543,PROYECTO DE TESIS II,A,Teoria,zoom161,"COMINA BELLIDO,  GERMAN YURI",Sabado,20:00:00,22:00:00
IF554,PROYECTO DE TESIS III,A,Teoria,zoom162,"COMINA BELLIDO,  GERMAN YURI",Sabado,20:00:00,22:00:00
IF562,TECNICAS FISICAS PARA LA INDUSTRIA,A,Teoria,zoom158,"GUTARRA ESPINOZA,  ABEL AURELIO",Jueves,8:00:00,10:00:00
IF562,TECNICAS FISICAS PARA LA INDUSTRIA,A,Laboratorio,zoom158,"GUTARRA ESPINOZA,  ABEL AURELIO",Martes,8:00:00,12:00:00
IF562,TECNICAS FISICAS PARA LA INDUSTRIA,A,Laboratorio,zoom158,"GUTARRA ESPINOZA,  ABEL AURELIO",Jueves,10:00:00,12:00:00
